Date,Open,High,Low,Close,Adj_Close,Volume
2023-07-20,1938.00000000,1944.00000000,1929.00000000,1934.00000000,1934.00000000,1729.77560000
2023-07-21,1934.00000000,1938.00000000,1921.00000000,1924.00000000,1924.00000000,842.98630000
2023-07-22,1924.00000000,1929.00000000,1921.00000000,1927.00000000,1927.00000000,420.52670000
2023-07-23,1927.00000000,1934.00000000,1923.00000000,1933.00000000,1933.00000000,230.24550000
2023-07-24,1932.00000000,1947.00000000,1930.00000000,1936.00000000,1936.00000000,923.11920000
2023-07-25,1937.00000000,1951.00000000,1929.00000000,1945.00000000,1945.00000000,619.42410000
2023-07-26,1945.00000000,1965.00000000,1941.00000000,1955.00000000,1955.00000000,965.52580000
2023-07-27,1956.00000000,1968.00000000,1934.00000000,1942.00000000,1942.00000000,834.15670000
2023-07-28,1942.00000000,1951.00000000,1938.00000000,1950.00000000,1950.00000000,339.51270000
2023-07-29,1950.00000000,1954.00000000,1945.00000000,1947.00000000,1947.00000000,120.04880000
2023-07-30,1947.00000000,1960.00000000,1942.00000000,1947.00000000,1947.00000000,194.74600000
2023-07-31,1946.00000000,1961.00000000,1938.00000000,1954.00000000,1954.00000000,413.56900000
2023-08-01,1954.00000000,1954.00000000,1936.00000000,1948.00000000,1948.00000000,581.43040000
2023-08-02,1949.00000000,1949.00000000,1924.00000000,1929.00000000,1929.00000000,657.82740000
2023-08-03,1931.00000000,1937.00000000,1923.00000000,1934.00000000,1934.00000000,407.04400000
2023-08-04,1934.00000000,1946.00000000,1924.00000000,1944.00000000,1944.00000000,547.19750000
2023-08-05,1944.00000000,1950.00000000,1938.00000000,1943.00000000,1943.00000000,309.34530000
2023-08-06,1942.00000000,1949.00000000,1934.00000000,1941.00000000,1941.00000000,379.82580000
2023-08-07,1941.00000000,1947.00000000,1930.00000000,1944.00000000,1944.00000000,890.19090000
2023-08-08,1945.00000000,1945.00000000,1928.00000000,1930.00000000,1930.00000000,738.25620000
2023-08-09,1930.00000000,1939.00000000,1915.00000000,1920.00000000,1920.00000000,1022.29620000
2023-08-10,1920.00000000,1929.00000000,1917.00000000,1917.00000000,1917.00000000,542.60190000
2023-08-11,1917.00000000,1924.00000000,1910.00000000,1910.00000000,1910.00000000,409.72330000
2023-08-12,1910.00000000,1912.00000000,1890.00000000,1904.00000000,1904.00000000,719.39180000
2023-08-13,1905.00000000,1911.00000000,1896.00000000,1906.00000000,1906.00000000,261.78370000
2023-08-14,1907.00000000,1915.00000000,1899.00000000,1902.00000000,1902.00000000,488.37620000
2023-08-15,1901.00000000,1911.00000000,1897.00000000,1899.00000000,1899.00000000,442.27610000
2023-08-16,1899.00000000,1908.00000000,1890.00000000,1894.00000000,1894.00000000,613.13890000
2023-08-17,1892.00000000,1902.00000000,1865.00000000,1871.00000000,1871.00000000,1547.44520000
2023-08-18,1872.00000000,1899.00000000,1867.00000000,1874.00000000,1874.00000000,1107.15140000
2023-08-19,1874.00000000,1883.00000000,1870.00000000,1875.00000000,1875.00000000,386.35750000
2023-08-20,1874.00000000,1879.00000000,1868.00000000,1876.00000000,1876.00000000,331.71340000
2023-08-21,1875.00000000,1886.00000000,1871.00000000,1879.00000000,1879.00000000,500.19270000
2023-08-22,1880.00000000,1899.00000000,1877.00000000,1888.00000000,1888.00000000,628.90370000
2023-08-23,1888.00000000,1918.00000000,1888.00000000,1910.00000000,1910.00000000,864.75010000
2023-08-24,1910.00000000,1913.00000000,1903.00000000,1909.00000000,1909.00000000,473.59220000
2023-08-25,1908.00000000,1913.00000000,1896.00000000,1903.00000000,1903.00000000,369.60080000
2023-08-26,1902.00000000,1905.00000000,1897.00000000,1904.00000000,1904.00000000,177.67350000
2023-08-27,1903.00000000,1907.00000000,1896.00000000,1899.00000000,1899.00000000,237.83780000
2023-08-28,1901.00000000,1911.00000000,1899.00000000,1905.00000000,1905.00000000,432.46940000
2023-08-29,1904.00000000,1920.00000000,1890.00000000,1913.00000000,1913.00000000,875.21360000
2023-08-30,1913.00000000,1929.00000000,1910.00000000,1923.00000000,1923.00000000,510.03000000
2023-08-31,1924.00000000,1934.00000000,1912.00000000,1918.00000000,1918.00000000,633.83690000
2023-09-01,1918.00000000,1934.00000000,1915.00000000,1917.00000000,1917.00000000,452.95160000
2023-09-02,1917.00000000,1922.00000000,1912.00000000,1914.00000000,1914.00000000,195.65680000
2023-09-03,1914.00000000,1922.00000000,1912.00000000,1917.00000000,1917.00000000,183.46610000
2023-09-04,1917.00000000,1928.00000000,1916.00000000,1920.00000000,1920.00000000,199.35210000
2023-09-05,1920.00000000,1920.00000000,1906.00000000,1912.00000000,1912.00000000,318.37790000
2023-09-06,1911.00000000,1912.00000000,1891.00000000,1898.00000000,1898.00000000,353.62090000
2023-09-07,1898.00000000,1908.00000000,1898.00000000,1908.00000000,1908.00000000,327.15570000
2023-09-08,1908.00000000,1911.00000000,1897.00000000,1903.00000000,1903.00000000,378.04590000
2023-09-09,1903.00000000,1903.00000000,1896.00000000,1898.00000000,1898.00000000,112.90520000
2023-09-10,1899.00000000,1902.00000000,1890.00000000,1898.00000000,1898.00000000,298.14210000
2023-09-11,1898.00000000,1908.00000000,1897.00000000,1903.00000000,1903.00000000,643.97410000
2023-09-12,1903.00000000,1910.00000000,1885.00000000,1892.00000000,1892.00000000,619.75110000
2023-09-13,1892.00000000,1900.00000000,1882.00000000,1889.00000000,1889.00000000,444.91510000
2023-09-14,1888.00000000,1901.00000000,1888.00000000,1894.00000000,1894.00000000,364.31610000
2023-09-15,1894.00000000,1914.00000000,1893.00000000,1910.00000000,1910.00000000,721.44020000
2023-09-16,1909.00000000,1914.00000000,1904.00000000,1906.00000000,1906.00000000,232.13920000
2023-09-17,1906.00000000,1910.00000000,1902.00000000,1909.00000000,1909.00000000,226.25710000
2023-09-18,1909.00000000,1921.00000000,1906.00000000,1921.00000000,1921.00000000,644.66490000
2023-09-19,1921.00000000,1929.00000000,1914.00000000,1921.00000000,1921.00000000,565.31790000
2023-09-20,1920.00000000,1934.00000000,1914.00000000,1920.00000000,1920.00000000,552.14360000
2023-09-21,1921.00000000,1923.00000000,1907.00000000,1910.00000000,1910.00000000,382.52660000
2023-09-22,1911.00000000,1918.00000000,1909.00000000,1912.00000000,1912.00000000,170.31780000
2023-09-23,1911.00000000,1919.00000000,1911.00000000,1913.00000000,1913.00000000,207.66590000
2023-09-24,1914.00000000,1916.00000000,1910.00000000,1912.00000000,1912.00000000,222.41500000
2023-09-25,1913.00000000,1919.00000000,1905.00000000,1908.00000000,1908.00000000,360.59330000
2023-09-26,1907.00000000,1915.00000000,1897.00000000,1899.00000000,1899.00000000,348.52670000
2023-09-27,1899.00000000,1901.00000000,1878.00000000,1881.00000000,1881.00000000,737.07330000
2023-09-28,1882.00000000,1884.00000000,1868.00000000,1871.00000000,1871.00000000,811.16020000
2023-09-29,1872.00000000,1884.00000000,1862.00000000,1864.00000000,1864.00000000,690.01040000
2023-09-30,1865.00000000,1870.00000000,1862.00000000,1868.00000000,1868.00000000,284.54890000
2023-10-01,1868.00000000,1873.00000000,1855.00000000,1865.00000000,1865.00000000,535.65000000
2023-10-02,1865.00000000,1870.00000000,1839.00000000,1840.00000000,1840.00000000,1055.19870000
2023-10-03,1841.00000000,1841.00000000,1824.00000000,1827.00000000,1827.00000000,851.41830000
2023-10-04,1827.00000000,1839.00000000,1821.00000000,1836.00000000,1836.00000000,826.21770000
2023-10-05,1837.00000000,1839.00000000,1825.00000000,1830.00000000,1830.00000000,473.10710000
2023-10-06,1830.00000000,1842.00000000,1823.00000000,1840.00000000,1840.00000000,588.33680000
2023-10-07,1840.00000000,1857.00000000,1835.00000000,1855.00000000,1855.00000000,458.40000000
2023-10-08,1856.00000000,1872.00000000,1849.00000000,1864.00000000,1864.00000000,987.80420000
2023-10-09,1863.00000000,1870.00000000,1850.00000000,1868.00000000,1868.00000000,1536.76580000
2023-10-10,1868.00000000,1872.00000000,1860.00000000,1863.00000000,1863.00000000,443.51380000
2023-10-11,1864.00000000,1880.00000000,1859.00000000,1876.00000000,1876.00000000,722.74700000
2023-10-12,1875.00000000,1882.00000000,1862.00000000,1873.00000000,1873.00000000,469.79200000
2023-10-13,1873.00000000,1922.00000000,1870.00000000,1917.00000000,1917.00000000,1248.62460000
2023-10-14,1917.00000000,1920.00000000,1908.00000000,1919.00000000,1919.00000000,560.14100000
2023-10-15,1919.00000000,1935.00000000,1915.00000000,1916.00000000,1916.00000000,905.11100000
2023-10-16,1916.00000000,1921.00000000,1892.00000000,1908.00000000,1908.00000000,953.32620000
2023-10-17,1908.00000000,1926.00000000,1900.00000000,1919.00000000,1919.00000000,894.40250000
2023-10-18,1919.00000000,1947.00000000,1916.00000000,1941.00000000,1941.00000000,1181.06660000
2023-10-19,1941.00000000,1964.00000000,1932.00000000,1962.00000000,1962.00000000,1702.71200000
2023-10-20,1963.00000000,1979.00000000,1956.00000000,1965.00000000,1965.00000000,1955.72960000
2023-10-21,1965.00000000,1969.00000000,1957.00000000,1965.00000000,1965.00000000,402.87300000
2023-10-22,1965.00000000,1975.00000000,1960.00000000,1965.00000000,1965.00000000,532.61280000
2023-10-23,1965.00000000,1975.00000000,1945.00000000,1954.00000000,1954.00000000,1207.67610000
2023-10-24,1956.00000000,1968.00000000,1936.00000000,1953.00000000,1953.00000000,1614.71900000
2023-10-25,1952.00000000,1970.00000000,1949.00000000,1962.00000000,1962.00000000,1056.37380000
2023-10-26,1962.00000000,1972.00000000,1953.00000000,1966.00000000,1966.00000000,1159.41050000
2023-10-27,1966.00000000,1992.00000000,1961.00000000,1987.00000000,1987.00000000,1505.00020000
2023-10-28,1987.00000000,1993.00000000,1984.00000000,1986.00000000,1986.00000000,389.32540000
2023-10-29,1986.00000000,1992.00000000,1973.00000000,1983.00000000,1983.00000000,948.58690000
2023-10-30,1982.00000000,1989.00000000,1971.00000000,1976.00000000,1976.00000000,695.43620000
2023-10-31,1976.00000000,1986.00000000,1962.00000000,1966.00000000,1966.00000000,725.26440000
2023-11-01,1966.00000000,1973.00000000,1948.00000000,1964.00000000,1964.00000000,982.83410000
2023-11-02,1964.00000000,1968.00000000,1950.00000000,1963.00000000,1963.00000000,1233.73180000
2023-11-03,1962.00000000,1983.00000000,1958.00000000,1971.00000000,1971.00000000,796.89750000
2023-11-04,1971.00000000,1976.00000000,1954.00000000,1966.00000000,1966.00000000,640.35250000
2023-11-05,1966.00000000,1975.00000000,1946.00000000,1960.00000000,1960.00000000,1163.94090000
2023-11-06,1959.00000000,1966.00000000,1951.00000000,1956.00000000,1956.00000000,577.62070000
2023-11-07,1956.00000000,1956.00000000,1936.00000000,1947.00000000,1947.00000000,847.67100000
2023-11-08,1947.00000000,1950.00000000,1928.00000000,1930.00000000,1930.00000000,729.28880000
2023-11-09,1930.00000000,1949.00000000,1924.00000000,1943.00000000,1943.00000000,1510.40960000
2023-11-10,1942.00000000,1945.00000000,1919.00000000,1924.00000000,1924.00000000,1065.61590000
2023-11-11,1924.00000000,1927.00000000,1913.00000000,1920.00000000,1920.00000000,551.57260000
2023-11-12,1920.00000000,1921.00000000,1913.00000000,1919.00000000,1919.00000000,413.33050000
2023-11-13,1919.00000000,1941.00000000,1913.00000000,1929.00000000,1929.00000000,973.93200000
2023-11-14,1930.00000000,1953.00000000,1906.00000000,1942.00000000,1942.00000000,1464.56240000
2023-11-15,1941.00000000,1959.00000000,1933.00000000,1939.00000000,1939.00000000,1055.01800000
2023-11-16,1940.00000000,1966.00000000,1930.00000000,1960.00000000,1960.00000000,1309.07750000
2023-11-17,1960.00000000,1977.00000000,1960.00000000,1967.00000000,1967.00000000,895.80140000
2023-11-18,1967.00000000,1969.00000000,1958.00000000,1960.00000000,1960.00000000,379.64100000
2023-11-19,1961.00000000,1966.00000000,1951.00000000,1957.00000000,1957.00000000,388.24100000
2023-11-20,1958.00000000,1965.00000000,1950.00000000,1961.00000000,1961.00000000,594.61200000
2023-11-21,1961.00000000,1989.00000000,1959.00000000,1977.00000000,1977.00000000,1534.63580000
2023-11-22,1977.00000000,1988.00000000,1972.00000000,1982.00000000,1982.00000000,815.83020000
2023-11-23,1982.00000000,1988.00000000,1976.00000000,1980.00000000,1980.00000000,699.41280000
2023-11-24,1979.00000000,1989.00000000,1976.00000000,1985.00000000,1985.00000000,552.93800000
2023-11-25,1985.00000000,1989.00000000,1975.00000000,1983.00000000,1983.00000000,516.94410000
2023-11-26,1982.00000000,1989.00000000,1980.00000000,1984.00000000,1984.00000000,376.55310000
2023-11-27,1983.00000000,2000.00000000,1983.00000000,1997.00000000,1997.00000000,1193.69480000
2023-11-28,1997.00000000,2031.00000000,1993.00000000,2023.00000000,2023.00000000,1391.32970000
2023-11-29,2023.00000000,2031.00000000,2011.00000000,2025.00000000,2025.00000000,707.87860000
2023-11-30,2024.00000000,2031.00000000,2015.00000000,2023.00000000,2023.00000000,594.03750000
2023-12-01,2023.00000000,2058.00000000,2019.00000000,2051.00000000,2051.00000000,1626.57240000
2023-12-02,2050.00000000,2053.00000000,2042.00000000,2044.00000000,2044.00000000,731.76350000
2023-12-03,2044.00000000,2095.00000000,2041.00000000,2088.00000000,2088.00000000,1408.00930000
2023-12-04,2090.00000000,2090.00000000,2014.00000000,2026.00000000,2026.00000000,1746.34360000
2023-12-05,2026.00000000,2034.00000000,2006.00000000,2012.00000000,2012.00000000,1119.76010000
2023-12-06,2012.00000000,2020.00000000,2002.00000000,2007.00000000,2007.00000000,902.35280000
2023-12-07,2007.00000000,2026.00000000,2005.00000000,2018.00000000,2018.00000000,872.25390000
2023-12-08,2018.00000000,2023.00000000,1989.00000000,2003.00000000,2003.00000000,1136.60830000
2023-12-09,2003.00000000,2012.00000000,1979.00000000,1997.00000000,1997.00000000,1214.13210000
2023-12-10,1997.00000000,1998.00000000,1982.00000000,1990.00000000,1990.00000000,590.80980000
2023-12-11,1991.00000000,1994.00000000,1965.00000000,1970.00000000,1970.00000000,1529.26710000
2023-12-12,1970.00000000,1979.00000000,1957.00000000,1964.00000000,1964.00000000,850.22750000
2023-12-13,1964.00000000,2012.00000000,1950.00000000,2011.00000000,2011.00000000,1206.48080000
2023-12-14,2012.00000000,2029.00000000,2001.00000000,2017.00000000,2017.00000000,1344.29800000
2023-12-15,2017.00000000,2027.00000000,2001.00000000,2003.00000000,2003.00000000,645.90780000
2023-12-16,2003.00000000,2008.00000000,1993.00000000,1995.00000000,1995.00000000,325.65190000
2023-12-17,1996.00000000,2002.00000000,1989.00000000,1999.00000000,1999.00000000,380.08650000
2023-12-18,1997.00000000,2019.00000000,1997.00000000,2011.00000000,2011.00000000,763.56400000
2023-12-19,2012.00000000,2028.00000000,2005.00000000,2020.00000000,2020.00000000,788.79900000
2023-12-20,2020.00000000,2028.00000000,2007.00000000,2012.00000000,2012.00000000,517.13140000
2023-12-21,2011.00000000,2033.00000000,2010.00000000,2030.00000000,2030.00000000,1163.17420000
2023-12-22,2030.00000000,2048.00000000,2026.00000000,2028.00000000,2028.00000000,938.17180000
2023-12-23,2028.00000000,2038.00000000,2024.00000000,2026.00000000,2026.00000000,487.84370000
2023-12-24,2025.00000000,2032.00000000,2023.00000000,2029.00000000,2029.00000000,336.17000000
2023-12-25,2028.00000000,2033.00000000,2016.00000000,2031.00000000,2031.00000000,651.08270000
2023-12-26,2030.00000000,2039.00000000,2024.00000000,2036.00000000,2036.00000000,1099.30210000
2023-12-27,2035.00000000,2058.00000000,2034.00000000,2053.00000000,2053.00000000,933.52620000
2023-12-28,2052.00000000,2069.00000000,2040.00000000,2047.00000000,2047.00000000,672.38560000
2023-12-29,2047.00000000,2054.00000000,2030.00000000,2035.00000000,2035.00000000,930.79900000
2023-12-30,2034.00000000,2044.00000000,2022.00000000,2029.00000000,2029.00000000,433.54040000
2023-12-31,2028.00000000,2036.00000000,2024.00000000,2028.00000000,2028.00000000,375.76760000
2024-01-01,2027.00000000,2038.00000000,2024.00000000,2029.00000000,2029.00000000,376.82700000
2024-01-02,2029.00000000,2051.00000000,2006.00000000,2035.00000000,2035.00000000,1137.50660000
2024-01-03,2033.00000000,2043.00000000,2000.00000000,2018.00000000,2018.00000000,1198.40030000
2024-01-04,2018.00000000,2028.00000000,2010.00000000,2021.00000000,2021.00000000,603.93640000
2024-01-05,2021.00000000,2040.00000000,2011.00000000,2020.00000000,2020.00000000,806.39540000
2024-01-06,2021.00000000,2022.00000000,2004.00000000,2016.00000000,2016.00000000,411.08660000
2024-01-07,2017.00000000,2021.00000000,2009.00000000,2015.00000000,2015.00000000,271.62170000
2024-01-08,2014.00000000,2025.00000000,2000.00000000,2007.00000000,2007.00000000,970.48750000
2024-01-09,2008.00000000,2022.00000000,2006.00000000,2015.00000000,2015.00000000,543.39070000
2024-01-10,2014.00000000,2028.00000000,1994.00000000,2000.00000000,2000.00000000,1493.75780000
2024-01-11,1999.00000000,2015.00000000,1990.00000000,2012.00000000,2012.00000000,1683.09160000
2024-01-12,2011.00000000,2034.00000000,2004.00000000,2022.00000000,2022.00000000,1475.77010000
2024-01-13,2021.00000000,2027.00000000,2016.00000000,2018.00000000,2018.00000000,624.87680000
2024-01-14,2018.00000000,2025.00000000,2015.00000000,2022.00000000,2022.00000000,343.38110000
2024-01-15,2022.00000000,2050.00000000,2022.00000000,2040.00000000,2040.00000000,830.71940000
2024-01-16,2040.00000000,2047.00000000,2011.00000000,2018.00000000,2018.00000000,443.13140000
2024-01-17,2019.00000000,2026.00000000,2000.00000000,2005.00000000,2005.00000000,663.29030000
2024-01-18,2005.00000000,2020.00000000,2001.00000000,2016.00000000,2016.00000000,608.53760000
2024-01-19,2015.00000000,2022.00000000,2005.00000000,2010.00000000,2010.00000000,708.56570000
2024-01-20,2010.00000000,2017.00000000,2007.00000000,2014.00000000,2014.00000000,211.63110000
2024-01-21,2013.00000000,2016.00000000,2006.00000000,2008.00000000,2008.00000000,280.57380000
2024-01-22,2008.00000000,2012.00000000,2000.00000000,2001.00000000,2001.00000000,862.10790000
2024-01-23,2002.00000000,2016.00000000,2000.00000000,2009.00000000,2009.00000000,764.09020000
2024-01-24,2009.00000000,2015.00000000,2000.00000000,2004.00000000,2004.00000000,471.66060000
2024-01-25,2004.00000000,2012.00000000,1994.00000000,2003.00000000,2003.00000000,786.51360000
2024-01-26,2004.00000000,2010.00000000,1998.00000000,1999.00000000,1999.00000000,537.75270000
2024-01-27,1999.00000000,2004.00000000,1993.00000000,1998.00000000,1998.00000000,367.08140000
2024-01-28,1998.00000000,2008.00000000,1994.00000000,2007.00000000,2007.00000000,546.98760000
2024-01-29,2007.00000000,2016.00000000,2001.00000000,2009.00000000,2009.00000000,1225.94360000
2024-01-30,2009.00000000,2016.00000000,2002.00000000,2015.00000000,2015.00000000,1146.99970000
2024-01-31,2015.00000000,2036.00000000,2012.00000000,2023.00000000,2023.00000000,1095.70460000
2024-02-01,2023.00000000,2044.00000000,2017.00000000,2036.00000000,2036.00000000,856.64240000
2024-02-02,2036.00000000,2040.00000000,2016.00000000,2025.00000000,2025.00000000,431.96220000
2024-02-03,2022.00000000,2049.00000000,2018.00000000,2019.00000000,2019.00000000,245.13070000
2024-02-04,2019.00000000,2027.00000000,2016.00000000,2019.00000000,2019.00000000,351.01390000
2024-02-05,2021.00000000,2021.00000000,2003.00000000,2008.00000000,2008.00000000,378.13740000
2024-02-06,2008.00000000,2026.00000000,2005.00000000,2016.00000000,2016.00000000,410.56410000
2024-02-07,2016.00000000,2025.00000000,2010.00000000,2017.00000000,2017.00000000,527.01930000
2024-02-08,2016.00000000,2021.00000000,1975.00000000,2013.00000000,2013.00000000,925.82290000
2024-02-09,2012.00000000,2016.00000000,1998.00000000,2002.00000000,2002.00000000,1231.86740000
2024-02-10,2001.00000000,2009.00000000,1984.00000000,1999.00000000,1999.00000000,727.59270000
2024-02-11,1999.00000000,2007.00000000,1996.00000000,2005.00000000,2005.00000000,338.35580000
2024-02-12,2004.00000000,2010.00000000,1994.00000000,2001.00000000,2001.00000000,1772.89220000
2024-02-13,2000.00000000,2009.00000000,1981.00000000,1987.00000000,1987.00000000,770.75610000
2024-02-14,1988.00000000,1994.00000000,1968.00000000,1980.00000000,1980.00000000,1417.37120000
2024-02-15,1980.00000000,1989.00000000,1971.00000000,1982.00000000,1982.00000000,1102.00290000
2024-02-16,1982.00000000,1996.00000000,1974.00000000,1986.00000000,1986.00000000,1004.26830000
2024-02-17,1985.00000000,1999.00000000,1985.00000000,1991.00000000,1991.00000000,570.05700000
2024-02-18,1990.00000000,1994.00000000,1982.00000000,1991.00000000,1991.00000000,662.07060000
2024-02-19,1990.00000000,2000.00000000,1982.00000000,1989.00000000,1989.00000000,879.71710000
2024-02-20,1989.00000000,2009.00000000,1981.00000000,2004.00000000,2004.00000000,1017.66010000
2024-02-21,2004.00000000,2009.00000000,2000.00000000,2002.00000000,2002.00000000,603.14870000
2024-02-22,2002.00000000,2010.00000000,1997.00000000,2001.00000000,2001.00000000,800.07130000
2024-02-23,2001.00000000,2015.00000000,1994.00000000,2008.00000000,2008.00000000,793.97250000
2024-02-24,2008.00000000,2012.00000000,2006.00000000,2008.00000000,2008.00000000,316.49390000
2024-02-25,2008.00000000,2011.00000000,1999.00000000,2008.00000000,2008.00000000,355.00140000
2024-02-26,2008.00000000,2014.00000000,2001.00000000,2005.00000000,2005.00000000,953.76310000
2024-02-27,2005.00000000,2008.00000000,2000.00000000,2005.00000000,2005.00000000,1193.91570000
2024-02-28,2005.00000000,2022.00000000,2001.00000000,2019.00000000,2019.00000000,2194.84790000
2024-02-29,2018.00000000,2029.00000000,1989.00000000,1995.00000000,1995.00000000,2186.51500000
2024-03-01,1996.00000000,2039.00000000,1992.00000000,2019.00000000,2019.00000000,4715.78150000
2024-03-02,2019.00000000,2034.00000000,2016.00000000,2031.00000000,2031.00000000,1015.18580000
2024-03-03,2030.00000000,2039.00000000,2016.00000000,2023.00000000,2023.00000000,1596.28140000
2024-03-04,2024.00000000,2076.00000000,2003.00000000,2065.00000000,2065.00000000,3875.10890000
2024-03-05,2065.00000000,2098.00000000,2057.00000000,2089.00000000,2089.00000000,4970.50820000
2024-03-06,2089.00000000,2119.00000000,2081.00000000,2111.00000000,2111.00000000,2125.09035200
2024-03-07,2110.00000000,2140.00000000,2106.00000000,2131.00000000,2131.00000000,2110.93700000
2024-03-08,2131.00000000,2167.00000000,2120.00000000,2131.00000000,2131.00000000,2115.01110000
2024-03-09,2131.00000000,2141.00000000,2126.00000000,2130.00000000,2130.00000000,917.06140000
2024-03-10,2130.00000000,2141.00000000,2116.00000000,2141.00000000,2141.00000000,1274.02540000
2024-03-11,2139.00000000,2174.00000000,2130.00000000,2160.00000000,2160.00000000,1942.04510000
2024-03-12,2161.00000000,2164.00000000,2129.00000000,2144.00000000,2144.00000000,1500.22370000
2024-03-13,2144.00000000,2162.00000000,2137.00000000,2153.00000000,2153.00000000,885.12010000
2024-03-14,2154.00000000,2165.00000000,2138.00000000,2145.00000000,2145.00000000,1199.40800000
2024-03-15,2145.00000000,2155.00000000,2124.00000000,2134.00000000,2134.00000000,2002.47230000
2024-03-16,2133.00000000,2141.00000000,2109.00000000,2118.00000000,2118.00000000,1265.58640000
2024-03-17,2118.00000000,2132.00000000,2111.00000000,2122.00000000,2122.00000000,951.45290000
2024-03-18,2122.00000000,2144.00000000,2117.00000000,2142.00000000,2142.00000000,903.15820000
2024-03-19,2142.00000000,2147.00000000,2126.00000000,2132.00000000,2132.00000000,1921.14350000
2024-03-20,2132.00000000,2196.00000000,2125.00000000,2185.00000000,2185.00000000,2169.19790000
2024-03-21,2185.00000000,2201.00000000,2156.00000000,2174.00000000,2174.00000000,1326.23880000
2024-03-22,2174.00000000,2181.00000000,2139.00000000,2150.00000000,2150.00000000,917.10070000
2024-03-23,2149.00000000,2164.00000000,2143.00000000,2146.00000000,2146.00000000,437.00920000
2024-03-24,2149.00000000,2163.00000000,2139.00000000,2163.00000000,2163.00000000,566.58750000
2024-03-25,2160.00000000,2180.00000000,2150.00000000,2171.00000000,2171.00000000,1182.55580000
2024-03-26,2172.00000000,2184.00000000,2154.00000000,2166.00000000,2166.00000000,1050.23770000
2024-03-27,2165.00000000,2177.00000000,2156.00000000,2172.00000000,2172.00000000,900.31700000
2024-03-28,2172.00000000,2218.00000000,2165.00000000,2212.00000000,2212.00000000,998.65970000
2024-03-29,2213.00000000,2220.00000000,2200.00000000,2218.00000000,2218.00000000,579.24580000
2024-03-30,2219.00000000,2227.00000000,2201.00000000,2205.00000000,2205.00000000,476.89210000
2024-03-31,2205.00000000,2224.00000000,2204.00000000,2222.00000000,2222.00000000,442.29270000
2024-04-01,2221.00000000,2245.00000000,2211.00000000,2230.00000000,2230.00000000,1116.74180000
2024-04-02,2230.00000000,2268.00000000,2223.00000000,2262.00000000,2262.00000000,1450.12540000
2024-04-03,2262.00000000,2330.00000000,2248.00000000,2300.00000000,2300.00000000,1962.94420000
2024-04-04,2301.00000000,2303.00000000,2265.00000000,2269.00000000,2269.00000000,1106.14280000
2024-04-05,2268.00000000,2324.00000000,2250.00000000,2317.00000000,2317.00000000,1334.37410000
2024-04-06,2316.00000000,2317.00000000,2300.00000000,2304.00000000,2304.00000000,554.74190000
2024-04-07,2303.00000000,2313.00000000,2286.00000000,2291.00000000,2291.00000000,794.13240000
2024-04-08,2289.00000000,2329.00000000,2286.00000000,2320.00000000,2320.00000000,1340.20100000
2024-04-09,2319.00000000,2353.00000000,2316.00000000,2333.00000000,2333.00000000,1184.58540000
2024-04-10,2333.00000000,2344.00000000,2300.00000000,2324.00000000,2324.00000000,1531.32170000
2024-04-11,2324.00000000,2375.00000000,2316.00000000,2365.00000000,2365.00000000,956.97470000
2024-04-12,2364.00000000,2429.00000000,2289.00000000,2355.00000000,2355.00000000,2989.98460000
2024-04-13,2354.00000000,3295.00000000,2323.00000000,2452.00000000,2452.00000000,17415.40041600
2024-04-14,2452.00000000,2539.00000000,2366.00000000,2391.00000000,2391.00000000,8704.31430000
2024-04-15,2388.00000000,2487.00000000,2335.00000000,2432.00000000,2432.00000000,5391.16140000
2024-04-16,2431.00000000,2447.00000000,2381.00000000,2404.00000000,2404.00000000,4105.27760000
2024-04-17,2403.00000000,2418.00000000,2381.00000000,2396.00000000,2396.00000000,2128.93960000
2024-04-18,2396.00000000,2404.00000000,2382.00000000,2384.00000000,2384.00000000,1344.20670000
2024-04-19,2385.00000000,2469.00000000,2374.00000000,2394.00000000,2394.00000000,4296.48590000
2024-04-20,2394.00000000,2402.00000000,2375.00000000,2390.00000000,2390.00000000,1454.94670000
2024-04-21,2389.00000000,2392.00000000,2370.00000000,2377.00000000,2377.00000000,951.96970000
2024-04-22,2377.00000000,2385.00000000,2311.00000000,2322.00000000,2322.00000000,1608.65650000
2024-04-23,2323.00000000,2341.00000000,2281.00000000,2309.00000000,2309.00000000,1539.30960000
2024-04-24,2309.00000000,2322.00000000,2292.00000000,2296.00000000,2296.00000000,902.42970000
2024-04-25,2296.00000000,2367.00000000,2291.00000000,2327.00000000,2327.00000000,1249.14500000
2024-04-26,2327.00000000,2348.00000000,2317.00000000,2345.00000000,2345.00000000,631.42600000
2024-04-27,2344.00000000,2371.00000000,2332.00000000,2357.00000000,2357.00000000,742.34500000
2024-04-28,2356.00000000,2383.00000000,2350.00000000,2356.00000000,2356.00000000,794.32720000
2024-04-29,2355.00000000,2363.00000000,2332.00000000,2344.00000000,2344.00000000,1161.64180000
2024-04-30,2344.00000000,2355.00000000,2286.00000000,2302.00000000,2302.00000000,1456.84390000
2024-05-01,2302.00000000,2323.00000000,2281.00000000,2310.00000000,2310.00000000,1860.05410000
2024-05-02,2311.00000000,2313.00000000,2280.00000000,2291.00000000,2291.00000000,818.40680000
2024-05-03,2291.00000000,2305.00000000,2280.00000000,2289.00000000,2289.00000000,909.10620000
2024-05-04,2289.00000000,2292.00000000,2276.00000000,2286.00000000,2286.00000000,923.76050000
2024-05-05,2286.00000000,2289.00000000,2265.00000000,2284.00000000,2284.00000000,434.25190000
2024-05-06,2285.00000000,2314.00000000,2283.00000000,2303.00000000,2303.00000000,1217.71320000
2024-05-07,2303.00000000,2312.00000000,2287.00000000,2288.00000000,2288.00000000,765.96020000
2024-05-08,2289.00000000,2308.00000000,2282.00000000,2297.00000000,2297.00000000,1001.30350000
2024-05-09,2297.00000000,2344.00000000,2288.00000000,2340.00000000,2340.00000000,1464.10160000
2024-05-10,2342.00000000,2361.00000000,2318.00000000,2332.00000000,2332.00000000,1585.34380000
2024-05-11,2332.00000000,2351.00000000,2325.00000000,2340.00000000,2340.00000000,380.60800000
2024-05-12,2340.00000000,2349.00000000,2335.00000000,2343.00000000,2343.00000000,320.22110000
2024-05-13,2344.00000000,2350.00000000,2320.00000000,2320.00000000,2320.00000000,911.93910000
2024-05-14,2320.00000000,2344.00000000,2320.00000000,2340.00000000,2340.00000000,591.05880000
2024-05-15,2340.00000000,2387.00000000,2338.00000000,2380.00000000,2380.00000000,1289.35810000
2024-05-16,2380.00000000,2392.00000000,2353.00000000,2361.00000000,2361.00000000,723.45540000
2024-05-17,2362.00000000,2397.00000000,2357.00000000,2390.00000000,2390.00000000,1184.83400000
2024-05-18,2390.00000000,2394.00000000,2380.00000000,2385.00000000,2385.00000000,411.97030000
2024-05-19,2386.00000000,2418.00000000,2375.00000000,2405.00000000,2405.00000000,1088.39170000
2024-05-20,2405.00000000,2427.00000000,2392.00000000,2414.00000000,2414.00000000,2483.67740000
2024-05-21,2414.00000000,2423.00000000,2399.00000000,2413.00000000,2413.00000000,1628.37830000
2024-05-22,2413.00000000,2414.00000000,2370.00000000,2385.00000000,2385.00000000,1448.97550000
2024-05-23,2385.00000000,2395.00000000,2331.00000000,2343.00000000,2343.00000000,1676.56340000
2024-05-24,2343.00000000,2400.00000000,2341.00000000,2346.00000000,2346.00000000,1416.65020000
2024-05-25,2347.00000000,2353.00000000,2336.00000000,2346.00000000,2346.00000000,440.20530000
2024-05-26,2346.00000000,2355.00000000,2342.00000000,2351.00000000,2351.00000000,339.18310000
2024-05-27,2351.00000000,2370.00000000,2342.00000000,2357.00000000,2357.00000000,854.40510000
2024-05-28,2358.00000000,2361.00000000,2326.00000000,2350.00000000,2350.00000000,948.35390000
2024-05-29,2351.00000000,2358.00000000,2325.00000000,2325.00000000,2325.00000000,571.98580000
2024-05-30,2328.00000000,2350.00000000,2318.00000000,2338.00000000,2338.00000000,789.90660000
2024-05-31,2338.00000000,2355.00000000,2325.00000000,2332.00000000,2332.00000000,815.66070000
2024-06-01,2333.00000000,2349.00000000,2326.00000000,2344.00000000,2344.00000000,426.22280000
2024-06-02,2344.00000000,2351.00000000,2333.00000000,2335.00000000,2335.00000000,419.44480000
2024-06-03,2335.00000000,2353.00000000,2325.00000000,2347.00000000,2347.00000000,664.60490000
2024-06-04,2347.00000000,2353.00000000,2325.00000000,2335.00000000,2335.00000000,646.49550000
2024-06-05,2336.00000000,2359.00000000,2331.00000000,2359.00000000,2359.00000000,645.11990000
2024-06-06,2359.00000000,2369.00000000,2349.00000000,2365.00000000,2365.00000000,544.15800000
2024-06-07,2365.00000000,2371.00000000,2292.00000000,2310.00000000,2310.00000000,1922.42630000
2024-06-08,2311.00000000,2316.00000000,2295.00000000,2301.00000000,2301.00000000,316.27000000
2024-06-09,2302.00000000,2318.00000000,2301.00000000,2312.00000000,2312.00000000,356.53690000
2024-06-10,2312.00000000,2325.00000000,2304.00000000,2316.00000000,2316.00000000,388.69620000
2024-06-11,2316.00000000,2323.00000000,2306.00000000,2314.00000000,2314.00000000,792.95880000
2024-06-12,2314.00000000,2344.00000000,2310.00000000,2314.00000000,2314.00000000,1380.38840000
2024-06-13,2315.00000000,2318.00000000,2292.00000000,2297.00000000,2297.00000000,585.13490000
2024-06-14,2297.00000000,2330.00000000,2297.00000000,2321.00000000,2321.00000000,963.96470000
2024-06-15,2321.00000000,2337.00000000,2319.00000000,2333.00000000,2333.00000000,508.58490000
2024-06-16,2333.00000000,2370.00000000,2323.00000000,2326.00000000,2326.00000000,582.94670000
2024-06-17,2326.00000000,2327.00000000,2304.00000000,2314.00000000,2314.00000000,532.13980000
2024-06-18,2314.00000000,2330.00000000,2304.00000000,2319.00000000,2319.00000000,899.51540000
2024-06-19,2320.00000000,2328.00000000,2311.00000000,2316.00000000,2316.00000000,411.96210000
2024-06-20,2317.00000000,2348.00000000,2313.00000000,2346.00000000,2346.00000000,652.77950000
2024-06-21,2347.00000000,2349.00000000,2311.00000000,2321.00000000,2321.00000000,715.59540000
2024-06-22,2321.00000000,2328.00000000,2315.00000000,2317.00000000,2317.00000000,186.73790000
2024-06-23,2318.00000000,2320.00000000,2310.00000000,2313.00000000,2313.00000000,201.93980000
2024-06-24,2315.00000000,2321.00000000,2303.00000000,2311.00000000,2311.00000000,999.19740000
2024-06-25,2311.00000000,2319.00000000,2296.00000000,2302.00000000,2302.00000000,650.93430000
2024-06-26,2302.00000000,2305.00000000,2286.00000000,2293.00000000,2293.00000000,493.39660000
2024-06-27,2294.00000000,2315.00000000,2290.00000000,2308.00000000,2308.00000000,433.11240000
2024-06-28,2308.00000000,2320.00000000,2306.00000000,2309.00000000,2309.00000000,364.47490000
2024-06-29,2309.00000000,2314.00000000,2305.00000000,2308.00000000,2308.00000000,173.65660000
2024-06-30,2309.00000000,2316.00000000,2305.00000000,2312.00000000,2312.00000000,258.83120000
2024-07-01,2313.00000000,2320.00000000,2308.00000000,2314.00000000,2314.00000000,687.79600000
2024-07-02,2315.00000000,2328.00000000,2313.00000000,2323.00000000,2323.00000000,436.14610000
2024-07-03,2322.00000000,2347.00000000,2315.00000000,2341.00000000,2341.00000000,837.79740000
2024-07-04,2342.00000000,2347.00000000,2323.00000000,2326.00000000,2326.00000000,1212.18580000
2024-07-05,2327.00000000,2361.00000000,2313.00000000,2354.00000000,2354.00000000,2209.76930000
2024-07-06,2355.00000000,2363.00000000,2337.00000000,2354.00000000,2354.00000000,655.16080000
2024-07-07,2353.00000000,2368.00000000,2347.00000000,2355.00000000,2355.00000000,792.27320000
2024-07-08,2355.00000000,2364.00000000,2327.00000000,2345.00000000,2345.00000000,1388.09150000
2024-07-09,2345.00000000,2350.00000000,2336.00000000,2343.00000000,2343.00000000,459.34170000
2024-07-10,2344.00000000,2362.00000000,2339.00000000,2354.00000000,2354.00000000,566.95980000
2024-07-11,2354.00000000,2399.00000000,2352.00000000,2391.00000000,2391.00000000,1059.04740000
2024-07-12,2392.00000000,2400.00000000,2372.00000000,2390.00000000,2390.00000000,584.45670000
2024-07-13,2390.00000000,2401.00000000,2379.00000000,2390.00000000,2390.00000000,427.79670000
2024-07-14,2389.00000000,2411.00000000,2383.00000000,2391.00000000,2391.00000000,653.60130000
2024-07-15,2392.00000000,2413.00000000,2379.00000000,2403.00000000,2403.00000000,860.20870000
2024-07-16,2403.00000000,2453.00000000,2397.00000000,2446.00000000,2446.00000000,1710.12220000
2024-07-17,2447.00000000,2467.00000000,2432.00000000,2442.00000000,2442.00000000,806.06870000
2024-07-18,2442.00000000,2460.00000000,2411.00000000,2425.00000000,2425.00000000,629.52810000
2024-07-19,2425.00000000,2427.00000000,2387.00000000,2409.00000000,2409.00000000,2847.61520000
2024-07-20,2407.00000000,2418.00000000,2388.00000000,2399.00000000,2399.00000000,553.96310000
2024-07-21,2399.00000000,2418.00000000,2398.00000000,2410.00000000,2410.00000000,440.69490000
2024-07-22,2410.00000000,2438.00000000,2385.00000000,2391.00000000,2391.00000000,723.44100000
2024-07-23,2391.00000000,2406.00000000,2383.00000000,2399.00000000,2399.00000000,702.54480000
2024-07-24,2400.00000000,2419.00000000,2385.00000000,2390.00000000,2390.00000000,916.28030000
2024-07-25,2389.00000000,2393.00000000,2355.00000000,2370.00000000,2370.00000000,1134.94750000
2024-07-26,2369.00000000,2410.00000000,2363.00000000,2387.00000000,2387.00000000,571.68870000
2024-07-27,2387.00000000,2404.00000000,2375.00000000,2384.00000000,2384.00000000,365.06610000
2024-07-28,2383.00000000,2398.00000000,2378.00000000,2392.00000000,2392.00000000,249.53610000
2024-07-29,2392.00000000,2411.00000000,2371.00000000,2385.00000000,2385.00000000,546.64320000
2024-07-30,2385.00000000,2410.00000000,2382.00000000,2400.00000000,2400.00000000,440.35470000
2024-07-31,2401.00000000,2452.00000000,2397.00000000,2434.00000000,2434.00000000,1062.48020000
2024-08-01,2435.00000000,2453.00000000,2416.00000000,2430.00000000,2430.00000000,1152.18070000
2024-08-02,2430.00000000,2484.00000000,2405.00000000,2458.00000000,2458.00000000,2084.75780000
2024-08-03,2458.00000000,2476.00000000,2428.00000000,2467.00000000,2467.00000000,1329.85230000
2024-08-04,2467.00000000,2510.00000000,2443.00000000,2452.00000000,2452.00000000,2042.18550000
2024-08-05,2452.00000000,2469.00000000,2339.00000000,2395.00000000,2395.00000000,5393.84680000
2024-08-06,2395.00000000,2418.00000000,2380.00000000,2384.00000000,2384.00000000,1593.51780000
2024-08-07,2386.00000000,2392.00000000,2370.00000000,2374.00000000,2374.00000000,1416.95060000
2024-08-08,2373.00000000,2427.00000000,2371.00000000,2417.00000000,2417.00000000,1199.90690000
2024-08-09,2417.00000000,2425.00000000,2409.00000000,2419.00000000,2419.00000000,714.89130000
2024-08-10,2419.00000000,2429.00000000,2413.00000000,2427.00000000,2427.00000000,264.66420000
2024-08-11,2428.00000000,2437.00000000,2421.00000000,2431.00000000,2431.00000000,618.80420000
2024-08-12,2432.00000000,2469.00000000,2421.00000000,2465.00000000,2465.00000000,1140.63160000
2024-08-13,2466.00000000,2477.00000000,2407.00000000,2454.00000000,2454.00000000,1835.92210000
2024-08-14,2454.00000000,2474.00000000,2438.00000000,2443.00000000,2443.00000000,979.18960000
2024-08-15,2444.00000000,2468.00000000,2439.00000000,2451.00000000,2451.00000000,902.11300000
2024-08-16,2451.00000000,2499.00000000,2427.00000000,2491.00000000,2491.00000000,1923.92980000
2024-08-17,2492.00000000,2530.00000000,2489.00000000,2517.00000000,2517.00000000,948.70010000
2024-08-18,2517.00000000,2520.00000000,2500.00000000,2505.00000000,2505.00000000,495.74540000
2024-08-19,2505.00000000,2511.00000000,2486.00000000,2509.00000000,2509.00000000,837.87290000
2024-08-20,2505.00000000,2521.00000000,2491.00000000,2506.00000000,2506.00000000,918.17350000
2024-08-21,2507.00000000,2514.00000000,2490.00000000,2502.00000000,2502.00000000,771.26420000
2024-08-22,2504.00000000,2505.00000000,2476.00000000,2486.00000000,2486.00000000,689.26090000
2024-08-23,2488.00000000,2520.00000000,2485.00000000,2511.00000000,2511.00000000,1111.25020000
2024-08-24,2511.00000000,2519.00000000,2504.00000000,2510.00000000,2510.00000000,475.11420000
2024-08-25,2512.00000000,2527.00000000,2506.00000000,2512.00000000,2512.00000000,602.94310000
2024-08-26,2513.00000000,2524.00000000,2482.00000000,2508.00000000,2508.00000000,1086.28440000
2024-08-27,2508.00000000,2520.00000000,2490.00000000,2508.00000000,2508.00000000,1087.53630000
2024-08-28,2509.00000000,2512.00000000,2484.00000000,2499.00000000,2499.00000000,806.78270000
2024-08-29,2500.00000000,2516.00000000,2499.00000000,2509.00000000,2509.00000000,643.04250000
2024-08-30,2509.00000000,2515.00000000,2487.00000000,2496.00000000,2496.00000000,805.87990000
2024-08-31,2496.00000000,2503.00000000,2489.00000000,2496.00000000,2496.00000000,261.66640000
2024-09-01,2496.00000000,2515.00000000,2490.00000000,2493.00000000,2493.00000000,618.13160000
2024-09-02,2492.00000000,2524.00000000,2480.00000000,2497.00000000,2497.00000000,817.39690000
2024-09-03,2497.00000000,2505.00000000,2479.00000000,2493.00000000,2493.00000000,683.84780000
2024-09-04,2493.00000000,2503.00000000,2473.00000000,2501.00000000,2501.00000000,704.14140000
2024-09-05,2501.00000000,2516.00000000,2493.00000000,2510.00000000,2510.00000000,985.65390000
2024-09-06,2509.00000000,2533.00000000,2493.00000000,2502.00000000,2502.00000000,2181.10620000
2024-09-07,2502.00000000,2515.00000000,2493.00000000,2493.00000000,2493.00000000,422.09690000
2024-09-08,2493.00000000,2507.00000000,2493.00000000,2497.00000000,2497.00000000,276.58540000
2024-09-09,2498.00000000,2518.00000000,2496.00000000,2507.00000000,2507.00000000,684.79840000
2024-09-10,2507.00000000,2523.00000000,2502.00000000,2518.00000000,2518.00000000,814.36030000
2024-09-11,2518.00000000,2527.00000000,2500.00000000,2513.00000000,2513.00000000,892.40340000
2024-09-12,2513.00000000,2555.00000000,2509.00000000,2553.00000000,2553.00000000,1481.99580000
2024-09-13,2554.00000000,2585.00000000,2552.00000000,2578.00000000,2578.00000000,882.43800000
2024-09-14,2578.00000000,2581.00000000,2569.00000000,2577.00000000,2577.00000000,368.74450000
2024-09-15,2577.00000000,2600.00000000,2570.00000000,2579.00000000,2579.00000000,575.65490000
2024-09-16,2579.00000000,2609.00000000,2576.00000000,2592.00000000,2592.00000000,1141.69170000
2024-09-17,2592.00000000,2618.00000000,2571.00000000,2582.00000000,2582.00000000,1517.58190000
2024-09-18,2581.00000000,2608.00000000,2560.00000000,2578.00000000,2578.00000000,1466.47340000
2024-09-19,2577.00000000,2597.00000000,2553.00000000,2590.00000000,2590.00000000,1494.75550000
2024-09-20,2589.00000000,2630.00000000,2587.00000000,2625.00000000,2625.00000000,1117.07160000
2024-09-21,2625.00000000,2633.00000000,2613.00000000,2631.00000000,2631.00000000,479.47910000
2024-09-22,2631.00000000,2632.00000000,2611.00000000,2622.00000000,2622.00000000,620.10210000
2024-09-23,2621.00000000,2636.00000000,2611.00000000,2627.00000000,2627.00000000,807.88610000
2024-09-24,2627.00000000,2660.00000000,2622.00000000,2652.00000000,2652.00000000,980.87690000
2024-09-25,2652.00000000,2667.00000000,2648.00000000,2653.00000000,2653.00000000,992.21430000
2024-09-26,2652.00000000,2678.00000000,2648.00000000,2660.00000000,2660.00000000,1153.04670000
2024-09-27,2661.00000000,2673.00000000,2645.00000000,2651.00000000,2651.00000000,1159.66960000
2024-09-28,2650.00000000,2663.00000000,2648.00000000,2659.00000000,2659.00000000,382.95690000
2024-09-29,2659.00000000,2670.00000000,2653.00000000,2662.00000000,2662.00000000,428.73610000
2024-09-30,2663.00000000,2665.00000000,2619.00000000,2636.00000000,2636.00000000,1597.79680000
2024-10-01,2637.00000000,2700.00000000,2635.00000000,2678.00000000,2678.00000000,3649.94900000
2024-10-02,2681.00000000,2699.00000000,2650.00000000,2669.00000000,2669.00000000,1875.76160000
2024-10-03,2669.00000000,2677.00000000,2649.00000000,2666.00000000,2666.00000000,1184.96670000
2024-10-04,2663.00000000,2691.00000000,2648.00000000,2661.00000000,2661.00000000,1387.73850000
2024-10-05,2661.00000000,2711.00000000,2654.00000000,2684.00000000,2684.00000000,1624.31670000
2024-10-06,2685.00000000,2692.00000000,2671.00000000,2678.00000000,2678.00000000,505.85340000
2024-10-07,2679.00000000,2691.00000000,2653.00000000,2657.00000000,2657.00000000,1526.51000000
2024-10-08,2657.00000000,2668.00000000,2611.00000000,2633.00000000,2633.00000000,1460.69020000
2024-10-09,2635.00000000,2644.00000000,2617.00000000,2622.00000000,2622.00000000,653.96470000
2024-10-10,2624.00000000,2647.00000000,2616.00000000,2644.00000000,2644.00000000,890.59190000
2024-10-11,2645.00000000,2672.00000000,2643.00000000,2670.00000000,2670.00000000,861.21190000
2024-10-12,2670.00000000,2676.00000000,2657.00000000,2659.00000000,2659.00000000,389.87290000
2024-10-13,2660.00000000,2677.00000000,2658.00000000,2661.00000000,2661.00000000,515.36380000
2024-10-14,2662.00000000,2678.00000000,2659.00000000,2660.00000000,2660.00000000,881.40590000
2024-10-15,2660.00000000,2673.00000000,2651.00000000,2671.00000000,2671.00000000,992.99480000
2024-10-16,2671.00000000,2688.00000000,2668.00000000,2678.00000000,2678.00000000,986.70140000
2024-10-17,2679.00000000,2710.00000000,2678.00000000,2705.00000000,2705.00000000,1326.18910000
2024-10-18,2705.00000000,2740.00000000,2700.00000000,2727.00000000,2727.00000000,1343.92740000
2024-10-19,2726.00000000,2749.00000000,2725.00000000,2738.00000000,2738.00000000,628.04910000
2024-10-20,2739.00000000,2751.00000000,2736.00000000,2741.00000000,2741.00000000,739.14000000
2024-10-21,2741.00000000,2755.00000000,2730.00000000,2735.00000000,2735.00000000,1226.85630000
2024-10-22,2735.00000000,2765.00000000,2733.00000000,2760.00000000,2760.00000000,1384.27650000
2024-10-23,2761.00000000,2783.00000000,2727.00000000,2740.00000000,2740.00000000,1805.37700000
2024-10-24,2741.00000000,2763.00000000,2737.00000000,2756.00000000,2756.00000000,1295.96590000
2024-10-25,2756.00000000,2769.00000000,2736.00000000,2764.00000000,2764.00000000,2269.10910000
2024-10-26,2764.00000000,2769.00000000,2748.00000000,2761.00000000,2761.00000000,1050.84170000
2024-10-27,2761.00000000,2771.00000000,2750.00000000,2750.00000000,2750.00000000,751.58760000
2024-10-28,2751.00000000,2768.00000000,2747.00000000,2753.00000000,2753.00000000,1040.45120000
2024-10-29,2753.00000000,2774.00000000,2745.00000000,2766.00000000,2766.00000000,1674.96470000
2024-10-30,2766.00000000,2786.00000000,2763.00000000,2785.00000000,2785.00000000,1115.34070000
2024-10-31,2785.00000000,2786.00000000,2750.00000000,2754.00000000,2754.00000000,1583.37180000
2024-11-01,2754.00000000,2768.00000000,2740.00000000,2745.00000000,2745.00000000,1075.73460000
2024-11-02,2746.00000000,2756.00000000,2736.00000000,2751.00000000,2751.00000000,484.08920000
2024-11-03,2753.00000000,2755.00000000,2737.00000000,2746.00000000,2746.00000000,778.81010000
2024-11-04,2746.00000000,2755.00000000,2740.00000000,2743.00000000,2743.00000000,579.89130000
2024-11-05,2743.00000000,2750.00000000,2733.00000000,2736.00000000,2736.00000000,907.95000000
2024-11-06,2737.00000000,2741.00000000,2639.00000000,2654.00000000,2654.00000000,4416.05250000
2024-11-07,2655.00000000,2711.00000000,2648.00000000,2708.00000000,2708.00000000,2252.48420000
2024-11-08,2707.00000000,2715.00000000,2668.00000000,2671.00000000,2671.00000000,1159.79360000
2024-11-09,2671.00000000,2684.00000000,2662.00000000,2664.00000000,2664.00000000,797.61650000
2024-11-10,2665.00000000,2675.00000000,2643.00000000,2664.00000000,2664.00000000,2225.07560000
2024-11-11,2663.00000000,2667.00000000,2585.00000000,2608.00000000,2608.00000000,2825.65200000
2024-11-12,2607.00000000,2633.00000000,2542.00000000,2559.00000000,2559.00000000,5093.48260000
2024-11-13,2559.00000000,2610.00000000,2557.00000000,2563.00000000,2563.00000000,2659.11270000
2024-11-14,2564.00000000,2581.00000000,2545.00000000,2558.00000000,2558.00000000,2211.34710000
2024-11-15,2558.00000000,2584.00000000,2554.00000000,2570.00000000,2570.00000000,1573.39730000
2024-11-16,2573.00000000,2580.00000000,2540.00000000,2562.00000000,2562.00000000,1295.04700000
2024-11-17,2564.00000000,2584.00000000,2550.00000000,2579.00000000,2579.00000000,966.95320000
2024-11-18,2580.00000000,2628.00000000,2577.00000000,2621.00000000,2621.00000000,1966.42070000
2024-11-19,2621.00000000,2649.00000000,2618.00000000,2643.00000000,2643.00000000,1857.37020000
2024-11-20,2644.00000000,2662.00000000,2628.00000000,2651.00000000,2651.00000000,1468.01910000
2024-11-21,2651.00000000,2690.00000000,2650.00000000,2669.00000000,2669.00000000,2317.93590000
2024-11-22,2669.00000000,2724.00000000,2665.00000000,2721.00000000,2721.00000000,1909.19260000
2024-11-23,2722.00000000,2745.00000000,2717.00000000,2722.00000000,2722.00000000,1409.73440000
2024-11-24,2722.00000000,2737.00000000,2708.00000000,2730.00000000,2730.00000000,1401.55510000
2024-11-25,2730.00000000,2730.00000000,2628.00000000,2630.00000000,2630.00000000,3101.32850000
2024-11-26,2631.00000000,2658.00000000,2623.00000000,2637.00000000,2637.00000000,1589.24170000
2024-11-27,2636.00000000,2669.00000000,2632.00000000,2645.00000000,2645.00000000,1726.04720000
2024-11-28,2646.00000000,2653.00000000,2623.00000000,2637.00000000,2637.00000000,932.90190000
2024-11-29,2638.00000000,2663.00000000,2632.00000000,2638.00000000,2638.00000000,1322.02400000
2024-11-30,2639.00000000,2654.00000000,2636.00000000,2637.00000000,2637.00000000,602.41030000
2024-12-01,2637.00000000,2660.00000000,2636.00000000,2655.00000000,2655.00000000,1088.43910000
2024-12-02,2655.00000000,2657.00000000,2627.00000000,2637.00000000,2637.00000000,1594.75580000
2024-12-03,2637.00000000,2644.00000000,2631.00000000,2635.00000000,2635.00000000,1650.11680000
2024-12-04,2635.00000000,2644.00000000,2631.00000000,2637.00000000,2637.00000000,2068.10760000
2024-12-05,2637.00000000,2648.00000000,2605.00000000,2625.00000000,2625.00000000,2801.55300000
2024-12-06,2625.00000000,2640.00000000,2612.00000000,2627.00000000,2627.00000000,1681.49520000
2024-12-07,2627.00000000,2634.00000000,2620.00000000,2624.00000000,2624.00000000,801.12280000
2024-12-08,2624.00000000,2635.00000000,2619.00000000,2629.00000000,2629.00000000,707.76420000
2024-12-09,2629.00000000,2658.00000000,2622.00000000,2648.00000000,2648.00000000,3330.78880000
2024-12-10,2649.00000000,2755.00000000,2641.00000000,2684.00000000,2684.00000000,4366.16730000
2024-12-11,2684.00000000,2705.00000000,2670.00000000,2701.00000000,2701.00000000,2872.13930000
2024-12-12,2703.00000000,2712.00000000,2674.00000000,2678.00000000,2678.00000000,2355.36440000
2024-12-13,2679.00000000,2688.00000000,2656.00000000,2663.00000000,2663.00000000,1406.77120000
2024-12-14,2663.00000000,2678.00000000,2647.00000000,2650.00000000,2650.00000000,732.18270000
2024-12-15,2650.00000000,2664.00000000,2648.00000000,2658.00000000,2658.00000000,665.27390000
2024-12-16,2658.00000000,2675.00000000,2647.00000000,2656.00000000,2656.00000000,1260.69560000
2024-12-17,2654.00000000,2670.00000000,2643.00000000,2654.00000000,2654.00000000,1464.84650000
2024-12-18,2655.00000000,2661.00000000,2597.00000000,2601.00000000,2601.00000000,2351.97700000
2024-12-19,2602.00000000,2658.00000000,2600.00000000,2610.00000000,2610.00000000,2845.35270000
2024-12-20,2608.00000000,2639.00000000,2603.00000000,2630.00000000,2630.00000000,2563.69180000
2024-12-21,2630.00000000,2640.00000000,2620.00000000,2624.00000000,2624.00000000,833.54640000
2024-12-22,2624.00000000,2630.00000000,2610.00000000,2626.00000000,2626.00000000,721.34030000
2024-12-23,2626.00000000,2654.00000000,2608.00000000,2622.00000000,2622.00000000,1859.53350000
2024-12-24,2622.00000000,2637.00000000,2619.00000000,2630.00000000,2630.00000000,883.86420000
2024-12-25,2630.00000000,2648.00000000,2623.00000000,2633.00000000,2633.00000000,609.15870000
2024-12-26,2633.00000000,2656.00000000,2631.00000000,2654.00000000,2654.00000000,1079.53070000
2024-12-27,2654.00000000,2655.00000000,2627.00000000,2643.00000000,2643.00000000,994.56580000
2024-12-28,2643.00000000,2660.00000000,2637.00000000,2656.00000000,2656.00000000,784.12580000
2024-12-29,2657.00000000,2660.00000000,2647.00000000,2651.00000000,2651.00000000,602.95210000
2024-12-30,2651.00000000,2660.00000000,2618.00000000,2621.00000000,2621.00000000,989.61890000
2024-12-31,2621.00000000,2641.00000000,2618.00000000,2633.00000000,2633.00000000,822.46890000
2025-01-01,2633.00000000,2660.00000000,2627.00000000,2629.00000000,2629.00000000,434.83360000
2025-01-02,2631.00000000,2657.00000000,2630.00000000,2656.00000000,2656.00000000,952.10380000
2025-01-03,2657.00000000,2664.00000000,2647.00000000,2648.00000000,2648.00000000,1045.13660000
2025-01-04,2649.00000000,2655.00000000,2643.00000000,2647.00000000,2647.00000000,334.46830000
2025-01-05,2648.00000000,2656.00000000,2644.00000000,2645.00000000,2645.00000000,256.77960000
2025-01-06,2646.00000000,2660.00000000,2639.00000000,2655.00000000,2655.00000000,776.98780000
2025-01-07,2655.00000000,2669.00000000,2641.00000000,2652.00000000,2652.00000000,1100.97700000
2025-01-08,2653.00000000,2680.00000000,2645.00000000,2665.00000000,2665.00000000,1456.84220000
2025-01-09,2666.00000000,2683.00000000,2659.00000000,2670.00000000,2670.00000000,1109.09080000
2025-01-10,2672.00000000,2694.00000000,2666.00000000,2686.00000000,2686.00000000,988.14580000
2025-01-11,2688.00000000,2700.00000000,2681.00000000,2697.00000000,2697.00000000,672.99970000
2025-01-12,2698.00000000,2712.00000000,2692.00000000,2697.00000000,2697.00000000,574.35480000
2025-01-13,2698.00000000,2710.00000000,2659.00000000,2670.00000000,2670.00000000,2090.00500000
2025-01-14,2670.00000000,2681.00000000,2660.00000000,2674.00000000,2674.00000000,970.97030000
2025-01-15,2676.00000000,2706.00000000,2668.00000000,2693.00000000,2693.00000000,1785.54840000
2025-01-16,2693.00000000,2724.00000000,2687.00000000,2716.00000000,2716.00000000,1141.61980000
2025-01-17,2717.00000000,2720.00000000,2699.00000000,2701.00000000,2701.00000000,1052.54350000
2025-01-18,2702.00000000,2708.00000000,2684.00000000,2696.00000000,2696.00000000,921.99380000
2025-01-19,2696.00000000,2705.00000000,2664.00000000,2682.00000000,2682.00000000,1561.20700000
2025-01-20,2683.00000000,2718.00000000,2679.00000000,2701.00000000,2701.00000000,2112.32300000
2025-01-21,2701.00000000,2747.00000000,2696.00000000,2739.00000000,2739.00000000,1709.69740000
2025-01-22,2739.00000000,2777.00000000,2738.00000000,2754.00000000,2754.00000000,1819.90260000
2025-01-23,2755.00000000,2763.00000000,2736.00000000,2749.00000000,2749.00000000,1019.91130000
2025-01-24,2749.00000000,2771.00000000,2736.00000000,2760.00000000,2760.00000000,1305.87420000
2025-01-25,2761.00000000,2770.00000000,2757.00000000,2769.00000000,2769.00000000,349.89040000
2025-01-26,2769.00000000,2775.00000000,2758.00000000,2762.00000000,2762.00000000,304.81730000
2025-01-27,2761.00000000,2764.00000000,2730.00000000,2742.00000000,2742.00000000,1613.10950000
2025-01-28,2743.00000000,2772.00000000,2735.00000000,2763.00000000,2763.00000000,1077.71270000
2025-01-29,2763.00000000,2797.00000000,2746.00000000,2762.00000000,2762.00000000,983.94410000
2025-01-30,2762.00000000,2800.00000000,2761.00000000,2794.00000000,2794.00000000,1148.45200000
2025-01-31,2794.00000000,2819.00000000,2790.00000000,2805.00000000,2805.00000000,1753.12330000
2025-02-01,2805.00000000,2830.00000000,2800.00000000,2819.00000000,2819.00000000,1120.74820000
2025-02-02,2819.00000000,2946.00000000,2808.00000000,2818.00000000,2818.00000000,8182.98730000
2025-02-03,2816.00000000,2850.00000000,2772.00000000,2832.00000000,2832.00000000,5930.44220000
2025-02-04,2832.00000000,2855.00000000,2812.00000000,2854.00000000,2854.00000000,2086.64610000
2025-02-05,2854.00000000,2928.00000000,2852.00000000,2917.00000000,2917.00000000,4442.49440000
2025-02-06,2917.00000000,2927.00000000,2866.00000000,2878.00000000,2878.00000000,3709.46540000
2025-02-07,2879.00000000,2926.00000000,2869.00000000,2877.00000000,2877.00000000,2829.45440000
2025-02-08,2879.00000000,2887.00000000,2856.00000000,2877.00000000,2877.00000000,775.84360000
2025-02-09,2878.00000000,2908.00000000,2875.00000000,2901.00000000,2901.00000000,879.04240000
2025-02-10,2901.00000000,2934.00000000,2892.00000000,2931.00000000,2931.00000000,2049.55490000
2025-02-11,2932.00000000,2950.00000000,2908.00000000,2915.00000000,2915.00000000,3354.97730000
2025-02-12,2916.00000000,2930.00000000,2890.00000000,2926.00000000,2926.00000000,2433.80430000
2025-02-13,2926.00000000,2950.00000000,2907.00000000,2948.00000000,2948.00000000,1704.25100000
2025-02-14,2949.00000000,2957.00000000,2898.00000000,2913.00000000,2913.00000000,2628.53550000
2025-02-15,2913.00000000,2914.00000000,2898.00000000,2907.00000000,2907.00000000,661.65560000
2025-02-16,2906.00000000,2908.00000000,2892.00000000,2900.00000000,2900.00000000,804.30140000
2025-02-17,2901.00000000,2932.00000000,2898.00000000,2913.00000000,2913.00000000,1429.69780000
2025-02-18,2914.00000000,2960.00000000,2910.00000000,2948.00000000,2948.00000000,1482.59860000
2025-02-19,2948.00000000,2985.00000000,2927.00000000,2947.00000000,2947.00000000,1874.20790000
2025-02-20,2947.00000000,2965.00000000,2931.00000000,2953.00000000,2953.00000000,2066.73020000
2025-02-21,2953.00000000,2957.00000000,2935.00000000,2950.00000000,2950.00000000,1559.32740000
2025-02-22,2950.00000000,2958.00000000,2934.00000000,2955.00000000,2955.00000000,645.45560000
2025-02-23,2954.00000000,2970.00000000,2944.00000000,2963.00000000,2963.00000000,1254.85230000
2025-02-24,2963.00000000,2991.00000000,2951.00000000,2988.00000000,2988.00000000,2458.66020000
2025-02-25,2988.00000000,3000.00000000,2919.00000000,2940.00000000,2940.00000000,4289.87350000
2025-02-26,2940.00000000,2944.00000000,2908.00000000,2934.00000000,2934.00000000,2141.37770000
2025-02-27,2935.00000000,2935.00000000,2877.00000000,2888.00000000,2888.00000000,2321.61760000
2025-02-28,2889.00000000,2893.00000000,2821.00000000,2861.00000000,2861.00000000,3356.72200000
2025-03-01,2862.00000000,2893.00000000,2838.00000000,2855.00000000,2855.00000000,1079.05520000
2025-03-02,2855.00000000,2893.00000000,2850.00000000,2876.00000000,2876.00000000,2433.06020000
2025-03-03,2876.00000000,2898.00000000,2861.00000000,2888.00000000,2888.00000000,1967.85820000
2025-03-04,2888.00000000,2945.00000000,2877.00000000,2928.00000000,2928.00000000,2810.53230000
2025-03-05,2929.00000000,2949.00000000,2912.00000000,2933.00000000,2933.00000000,1648.69940000
2025-03-06,2933.00000000,2938.00000000,2905.00000000,2925.00000000,2925.00000000,1827.54370000
2025-03-07,2926.00000000,2944.00000000,2911.00000000,2928.00000000,2928.00000000,1825.88150000
2025-03-08,2928.00000000,2942.00000000,2926.00000000,2936.00000000,2936.00000000,633.72950000
2025-03-09,2937.00000000,2945.00000000,2922.00000000,2933.00000000,2933.00000000,1447.10380000
2025-03-10,2934.00000000,2936.00000000,2883.00000000,2895.00000000,2895.00000000,2783.76030000
2025-03-11,2894.00000000,2928.00000000,2887.00000000,2924.00000000,2924.00000000,1601.29900000
2025-03-12,2924.00000000,2949.00000000,2905.00000000,2946.00000000,2946.00000000,3292.97880000
2025-03-13,2947.00000000,3006.00000000,2944.00000000,3003.00000000,3003.00000000,2294.47790000
2025-03-14,3003.00000000,3030.00000000,2987.00000000,2996.00000000,2996.00000000,2388.95600000
2025-03-15,2996.00000000,3002.00000000,2982.00000000,3002.00000000,3002.00000000,1111.05170000
2025-03-16,3002.00000000,3002.00000000,2982.00000000,3001.00000000,3001.00000000,544.45800000
2025-03-17,3002.00000000,3017.00000000,2990.00000000,3011.00000000,3011.00000000,1741.45840000
2025-03-18,3011.00000000,3163.00000000,3005.00000000,3067.00000000,3067.00000000,4556.67670000
2025-03-19,3067.00000000,3081.00000000,3044.00000000,3064.00000000,3064.00000000,3062.09720000
2025-03-20,3065.00000000,3072.00000000,3047.00000000,3057.00000000,3057.00000000,1422.29570000
2025-03-21,3059.00000000,3100.00000000,3031.00000000,3039.00000000,3039.00000000,4140.43400000
2025-03-22,3039.00000000,3051.00000000,3039.00000000,3050.00000000,3050.00000000,738.62490000
2025-03-23,3051.00000000,3062.00000000,3042.00000000,3054.00000000,3054.00000000,1105.59000000
2025-03-24,3054.00000000,3058.00000000,3002.00000000,3019.00000000,3019.00000000,2388.94690000
2025-03-25,3019.00000000,3046.00000000,3015.00000000,3028.00000000,3028.00000000,1666.42060000
2025-03-26,3028.00000000,3037.00000000,3017.00000000,3023.00000000,3023.00000000,1052.06280000
2025-03-27,3024.00000000,3068.00000000,3024.00000000,3059.00000000,3059.00000000,2310.58940000
2025-03-28,3059.00000000,3098.00000000,3059.00000000,3093.00000000,3093.00000000,3550.14500000
2025-03-29,3092.00000000,3121.00000000,3090.00000000,3119.00000000,3119.00000000,2244.46350000
2025-03-30,3119.00000000,3145.00000000,3108.00000000,3109.00000000,3109.00000000,2343.68820000
2025-03-31,3110.00000000,3166.00000000,3106.00000000,3149.00000000,3149.00000000,5962.34860000
2025-04-01,3148.00000000,3181.00000000,3125.00000000,3132.00000000,3132.00000000,4275.77630000
2025-04-02,3132.00000000,3193.00000000,3120.00000000,3192.00000000,3192.00000000,4504.83270000
2025-04-03,3191.00000000,3195.00000000,3078.00000000,3127.00000000,3127.00000000,8779.49170000
2025-04-04,3127.00000000,3158.00000000,3043.00000000,3055.00000000,3055.00000000,5516.93370000
2025-04-05,3055.00000000,3072.00000000,3047.00000000,3068.00000000,3068.00000000,1664.96650000
2025-04-06,3068.00000000,3072.00000000,2987.00000000,3004.00000000,3004.00000000,3938.20160000
2025-04-07,3003.00000000,3069.00000000,2988.00000000,3005.00000000,3005.00000000,9320.52400000
2025-04-08,3005.00000000,3039.00000000,2990.00000000,3001.00000000,3001.00000000,3533.55760000
2025-04-09,3000.00000000,3116.00000000,2995.00000000,3099.00000000,3099.00000000,7564.94200000
2025-04-10,3100.00000000,3220.00000000,3096.00000000,3216.00000000,3216.00000000,5813.80960000
2025-04-11,3215.00000000,3271.00000000,3213.00000000,3265.00000000,3265.00000000,10665.66140000
2025-04-12,3265.00000000,3300.00000000,3234.00000000,3242.00000000,3242.00000000,4959.81080000
2025-04-13,3243.00000000,3272.00000000,3239.00000000,3247.00000000,3247.00000000,3852.28040000
2025-04-14,3248.00000000,3272.00000000,3211.00000000,3238.00000000,3238.00000000,4607.84940000
2025-04-15,3237.00000000,3268.00000000,3230.00000000,3266.00000000,3266.00000000,3939.21210000
2025-04-16,3267.00000000,3381.00000000,3266.00000000,3378.00000000,3378.00000000,7923.78950000
2025-04-17,3377.00000000,3385.00000000,3309.00000000,3347.00000000,3347.00000000,6282.00720000
2025-04-18,3346.00000000,3364.00000000,3337.00000000,3353.00000000,3353.00000000,3312.13940000
2025-04-19,3353.00000000,3357.00000000,3341.00000000,3348.00000000,3348.00000000,1810.42900000
2025-04-20,3348.00000000,3375.00000000,3342.00000000,3370.00000000,3370.00000000,2058.80130000
2025-04-21,3370.00000000,3471.00000000,3369.00000000,3462.00000000,3462.00000000,8915.61740000
2025-04-22,3463.00000000,3523.00000000,3332.00000000,3349.00000000,3349.00000000,17280.70890000
2025-04-23,3349.00000000,3404.00000000,3280.00000000,3335.00000000,3335.00000000,10874.15690000
2025-04-24,3335.00000000,3384.00000000,3324.00000000,3365.00000000,3365.00000000,6698.44480000
2025-04-25,3365.00000000,3375.00000000,3260.00000000,3313.00000000,3313.00000000,7862.12140000
2025-04-26,3313.00000000,3322.00000000,3301.00000000,3312.00000000,3312.00000000,2209.70960000
2025-04-27,3313.00000000,3332.00000000,3306.00000000,3308.00000000,3308.00000000,1892.74380000
2025-04-28,3309.00000000,3355.00000000,3277.00000000,3339.00000000,3339.00000000,5316.93040000
2025-04-29,3338.00000000,3339.00000000,3306.00000000,3317.00000000,3317.00000000,4111.42700000
2025-04-30,3317.00000000,3331.00000000,3280.00000000,3282.00000000,3282.00000000,3769.16210000
2025-05-01,3283.00000000,3288.00000000,3218.00000000,3250.00000000,3250.00000000,5837.39040000
2025-05-02,3250.00000000,3282.00000000,3242.00000000,3253.00000000,3253.00000000,4605.80790000
2025-05-03,3253.00000000,3268.00000000,3247.00000000,3258.00000000,3258.00000000,1206.97650000
2025-05-04,3258.00000000,3267.00000000,3247.00000000,3263.00000000,3263.00000000,1624.57300000
2025-05-05,3263.00000000,3366.00000000,3259.00000000,3348.00000000,3348.00000000,4802.73160000
2025-05-06,3347.00000000,3456.00000000,3341.00000000,3409.00000000,3409.00000000,7881.96580000
2025-05-07,3409.00000000,3410.00000000,3366.00000000,3383.00000000,3383.00000000,6053.75830000
2025-05-08,3383.00000000,3418.00000000,3258.00000000,3322.00000000,3322.00000000,9864.11110000
2025-05-09,3322.00000000,3352.00000000,3287.00000000,3335.00000000,3335.00000000,4036.44620000
2025-05-10,3335.00000000,3345.00000000,3324.00000000,3327.00000000,3327.00000000,2178.52690000
2025-05-11,3327.00000000,3332.00000000,3276.00000000,3294.00000000,3294.00000000,3004.94510000
2025-05-12,3295.00000000,3296.00000000,3223.00000000,3245.00000000,3245.00000000,7781.18070000
2025-05-13,3246.00000000,3274.00000000,3228.00000000,3261.00000000,3261.00000000,3632.62610000
2025-05-14,3261.00000000,3262.00000000,3183.00000000,3196.00000000,3196.00000000,5693.16180000
2025-05-15,3197.00000000,3261.00000000,3142.00000000,3246.00000000,3246.00000000,6817.31960000
2025-05-16,3247.00000000,3253.00000000,3169.34000000,3221.00000000,3221.00000000,5567.50840000
2025-05-17,3221.01000000,3229.99000000,3206.08000000,3225.66000000,3225.66000000,2688.76100000
2025-05-18,3225.66000000,3257.00000000,3210.00000000,3245.99000000,3245.99000000,3134.32090000
2025-05-19,3246.00000000,3270.14000000,3225.00000000,3235.96000000,3235.96000000,4265.34880000
2025-05-20,3235.73000000,3313.86000000,3219.00000000,3303.02000000,3303.02000000,6336.80030000
2025-05-21,3303.02000000,3333.59000000,3277.35000000,3322.47000000,3322.47000000,4387.46680000
2025-05-22,3322.48000000,3349.78000000,3292.69000000,3308.78000000,3308.78000000,4531.19840000
2025-05-23,3309.27000000,3371.00000000,3300.00000000,3360.80000000,3360.80000000,5333.33940000
2025-05-24,3360.97000000,3379.97000000,3354.98000000,3361.57000000,3361.57000000,1379.08370000
2025-05-25,3361.57000000,3380.00000000,3343.88000000,3347.64000000,3347.64000000,2148.21440000
2025-05-26,3347.65000000,3371.50000000,3334.21000000,3357.58000000,3357.58000000,2799.84720000
2025-05-27,3357.58000000,3361.21000000,3302.00000000,3321.28000000,3321.28000000,3416.79000000
2025-05-28,3321.79000000,3337.88000000,3268.41000000,3276.02000000,3276.02000000,3402.06900000
2025-05-29,3275.74000000,3339.78000000,3262.56000000,3326.45000000,3326.45000000,2553.95100000
2025-05-30,3326.45000000,3333.37000000,3288.20000000,3302.25000000,3302.25000000,3062.65800000
2025-05-31,3302.28000000,3309.76000000,3295.36000000,3296.52000000,3296.52000000,1202.49160000
2025-06-01,3296.52000000,3325.14000000,3293.00000000,3319.57000000,3319.57000000,1326.09380000
2025-06-02,3319.71000000,3403.90000000,3312.00000000,3396.98000000,3396.98000000,4460.11230000
2025-06-03,3396.99000000,3397.57000000,3346.85000000,3369.43000000,3369.43000000,3138.65690000
2025-06-04,3369.43000000,3394.95000000,3358.51000000,3391.20000000,3391.20000000,2325.81050000
2025-06-05,3391.22000000,3418.53000000,3361.00000000,3381.55000000,3381.55000000,4505.01420000
2025-06-06,3381.55000000,3418.00000000,3328.00000000,3333.88000000,3333.88000000,3912.10210000
2025-06-07,3333.89000000,3338.47000000,3329.18000000,3332.40000000,3332.40000000,872.43680000
2025-06-08,3332.40000000,3352.20000000,3330.23000000,3340.75000000,3340.75000000,1768.87530000
2025-06-09,3340.76000000,3356.99000000,3316.87000000,3346.45000000,3346.45000000,2925.33230000
2025-06-10,3346.45000000,3362.01000000,3320.82000000,3340.18000000,3340.18000000,3309.83000000
2025-06-11,3340.33000000,3387.23000000,3337.60000000,3379.40000000,3379.40000000,3613.12740000
2025-06-12,3379.40000000,3428.61000000,3357.52000000,3408.42000000,3408.42000000,6026.28430000
2025-06-13,3408.42000000,3600.00000000,3405.42000000,3461.98000000,3461.98000000,13747.33990000
2025-06-14,3461.98000000,3497.00000000,3452.02000000,3487.60000000,3487.60000000,3716.91770000
2025-06-15,3487.60000000,3496.01000000,3465.00000000,3476.97000000,3476.97000000,3789.87050000
2025-06-16,3476.94000000,3485.12000000,3401.00000000,3432.41000000,3432.41000000,7561.73880000
2025-06-17,3432.40000000,3436.04000000,3392.20000000,3413.75000000,3413.75000000,7684.85970000
2025-06-18,3413.76000000,3418.79000000,3384.36000000,3395.40000000,3395.40000000,6129.63570000
2025-06-19,3395.40000000,3405.12000000,3370.00000000,3389.80000000,3389.80000000,3398.45160000
2025-06-20,3389.80000000,3395.89000000,3362.75000000,3394.69000000,3394.69000000,5718.80860000
2025-06-21,3394.69000000,3410.66000000,3385.13000000,3395.84000000,3395.84000000,4099.90840000
2025-06-22,3395.83000000,3483.20000000,3395.33000000,3402.00000000,3402.00000000,11300.81150000
2025-06-23,3401.99000000,3431.60000000,3367.39000000,3368.74000000,3368.74000000,17808.08620000
2025-06-24,3368.74000000,3386.02000000,3322.00000000,3344.64000000,3344.64000000,17322.98020000
2025-06-25,3344.60000000,3353.97000000,3323.87000000,3352.99000000,3352.99000000,5606.90250000
2025-06-26,3352.99000000,3359.00000000,3327.70000000,3332.97000000,3332.97000000,4827.45220000
2025-06-27,3333.00000000,3335.87000000,3274.97000000,3296.15000000,3296.15000000,7379.53570000
2025-06-28,3296.20000000,3298.35000000,3286.84000000,3289.58000000,3289.58000000,1301.81200000
2025-06-29,3289.58000000,3295.06000000,3265.62000000,3277.01000000,3277.01000000,1712.22820000
2025-06-30,3277.00000000,3321.77000000,3273.34000000,3319.99000000,3319.99000000,4561.24830000
2025-07-01,3319.99000000,3363.00000000,3319.00000000,3346.83000000,3346.83000000,4599.00190000
2025-07-02,3346.83000000,3364.50000000,3335.00000000,3351.67000000,3351.67000000,3765.79710000
2025-07-03,3351.66000000,3362.60000000,3320.00000000,3335.52000000,3335.52000000,2988.07420000
2025-07-04,3335.51000000,3347.53000000,3330.84000000,3342.65000000,3342.65000000,1707.70630000
2025-07-05,3342.65000000,3350.00000000,3341.27000000,3343.44000000,3343.44000000,1068.32240000
2025-07-06,3343.46000000,3348.65000000,3318.31000000,3334.76000000,3334.76000000,1203.88160000
2025-07-07,3334.77000000,3347.37000000,3306.20000000,3335.91000000,3335.91000000,3302.13900000
2025-07-08,3335.90000000,3343.77000000,3297.80000000,3309.20000000,3309.20000000,3076.20000000
2025-07-09,3309.74000000,3323.84000000,3292.58000000,3318.48000000,3318.48000000,3855.19330000
2025-07-10,3318.48000000,3329.81000000,3312.21000000,3322.24000000,3322.24000000,3612.24610000
2025-07-11,3322.25000000,3362.30000000,3320.11000000,3348.49000000,3348.49000000,5004.39350000
2025-07-12,3348.49000000,3352.60000000,3340.93000000,3351.45000000,3351.45000000,1407.49510000
2025-07-13,3351.51000000,3360.13000000,3343.37000000,3354.18000000,3354.18000000,2028.28490000
2025-07-14,3354.17000000,3370.75000000,3343.37000000,3349.21000000,3349.21000000,9514.63440000
2025-07-15,3349.22000000,3369.00000000,3329.90000000,3338.51000000,3338.51000000,5971.35530000
2025-07-16,3338.52000000,3375.00000000,3328.00000000,3351.41000000,3351.41000000,4456.42860000
2025-07-17,3351.60000000,3352.34000000,3321.41000000,3340.67000000,3340.67000000,4725.78840000
2025-07-18,3340.68000000,3366.80000000,3332.47000000,3347.84000000,3347.84000000,4254.50430000
2025-07-19,3347.84000000,3361.50000000,3345.63000000,3357.30000000,3357.30000000,1365.21090000
2025-07-20,3357.31000000,3361.00000000,3351.15000000,3351.63000000,3351.63000000,1513.71490000
2025-07-21,3351.63000000,3400.86000000,3351.62000000,3395.40000000,3395.40000000,4645.65470000
2025-07-22,3395.40000000,3430.56000000,3385.20000000,3424.79000000,3424.79000000,3366.05120000
2025-07-23,3424.79000000,3434.52000000,3386.11000000,3393.79000000,3393.79000000,3347.30740000
2025-07-24,3393.79000000,3396.34000000,3359.33000000,3375.74000000,3375.74000000,2995.33040000
2025-07-25,3375.62000000,3378.93000000,3336.03000000,3348.69000000,3348.69000000,3550.94970000
2025-07-26,3348.69000000,3358.00000000,3346.35000000,3354.45000000,3354.45000000,1227.60980000
2025-07-27,3354.45000000,3359.45000000,3340.00000000,3345.45000000,3345.45000000,1807.41260000
2025-07-28,3345.46000000,3351.53000000,3312.00000000,3320.59000000,3320.59000000,5784.64540000
2025-07-29,3320.34000000,3338.23000000,3318.39000000,3335.13000000,3335.13000000,1872.93960000
2025-07-30,3335.29000000,3340.28000000,3283.00000000,3299.01000000,3299.01000000,4102.35060000
2025-07-31,3299.01000000,3321.34000000,3294.11000000,3294.12000000,3294.12000000,3744.95000000
2025-08-01,3294.12000000,3365.97000000,3289.05000000,3364.79000000,3364.79000000,6300.56790000
2025-08-02,3364.80000000,3369.98000000,3355.58000000,3362.05000000,3362.05000000,1892.76710000
2025-08-03,3362.05000000,3371.00000000,3343.00000000,3365.68000000,3365.68000000,1783.89270000
2025-08-04,3365.69000000,3384.39000000,3348.80000000,3377.60000000,3377.60000000,2910.22300000
2025-08-05,3377.60000000,3393.62000000,3353.80000000,3384.32000000,3384.32000000,2453.58490000
2025-08-06,3384.32000000,3384.80000000,3362.51000000,3370.99000000,3370.99000000,1966.70680000
2025-08-07,3371.15000000,3397.81000000,3368.80000000,3393.46000000,3393.46000000,2887.34920000
2025-08-08,3393.46000000,3394.99000000,3375.19000000,3385.75000000,3385.75000000,4200.62460000
2025-08-09,3385.76000000,3393.80000000,3375.00000000,3383.62000000,3383.62000000,2863.14550000
2025-08-10,3383.62000000,3391.70000000,3382.00000000,3382.52000000,3382.52000000,1354.83090000
2025-08-11,3382.53000000,3385.04000000,3338.72000000,3345.71000000,3345.71000000,5483.94430000
2025-08-12,3345.71000000,3357.52000000,3332.00000000,3340.96000000,3340.96000000,4686.37430000
2025-08-13,3340.96000000,3358.60000000,3335.55000000,3353.91000000,3353.91000000,3856.47880000
2025-08-14,3353.91000000,3361.00000000,3324.39000000,3329.67000000,3329.67000000,3216.69670000
2025-08-15,3329.67000000,3341.09000000,3327.01000000,3330.31000000,3330.31000000,1672.83900000
2025-08-16,3330.30000000,3336.01000000,3327.00000000,3329.49000000,3329.49000000,773.89400000
2025-08-17,3329.57000000,3334.05000000,3322.00000000,3323.69000000,3323.69000000,823.22480000
2025-08-18,3323.70000000,3380.00000000,3323.70000000,3330.97000000,3330.97000000,2898.30380000
2025-08-19,3330.96000000,3342.06000000,3307.58000000,3312.70000000,3312.70000000,1771.59910000
2025-08-20,3312.71000000,3342.56000000,3301.77000000,3339.92000000,3339.92000000,2992.53210000
2025-08-21,3339.92000000,3339.93000000,3318.25000000,3331.50000000,3331.50000000,1132.00170000
2025-08-22,3331.50000000,3365.50000000,3318.28000000,3364.74000000,3364.74000000,2432.52740000
2025-08-23,3364.74000000,3366.18000000,3345.51000000,3360.64000000,3360.64000000,1045.25340000
2025-08-24,3360.65000000,3364.62000000,3354.12000000,3360.81000000,3360.81000000,1076.12130000
2025-08-25,3360.81000000,3363.30000000,3336.00000000,3343.11000000,3343.11000000,2281.35560000
2025-08-26,3343.04000000,3382.93000000,3339.64000000,3378.00000000,3378.00000000,2232.36000000
2025-08-27,3378.00000000,3390.77000000,3365.00000000,3387.82000000,3387.82000000,2100.35200000
2025-08-28,3387.82000000,3423.25000000,3378.00000000,3415.80000000,3415.80000000,4101.68290000
2025-08-29,3415.81000000,3464.70000000,3407.80000000,3461.84000000,3461.84000000,5474.70880000
2025-08-30,3461.83000000,3466.73000000,3452.66000000,3462.72000000,3462.72000000,2012.42060000
2025-08-31,3462.72000000,3471.76000000,3456.00000000,3460.40000000,3460.40000000,2386.02220000
2025-09-01,3460.41000000,3505.03000000,3451.13000000,3503.19000000,3503.19000000,7552.11990000
2025-09-02,3502.92000000,3556.69000000,3486.35000000,3548.15000000,3548.15000000,7844.78110000
2025-09-03,3548.15000000,3587.50000000,3542.40000000,3574.99000000,3574.99000000,4717.48410000
2025-09-04,3574.99000000,3577.09000000,3527.55000000,3559.09000000,3559.09000000,6519.04020000
2025-09-05,3559.10000000,3599.10000000,3550.00000000,3593.64000000,3593.64000000,4275.86130000
2025-09-06,3593.65000000,3630.11000000,3590.51000000,3626.00000000,3626.00000000,3124.85152300
2025-09-07,3626.00000000,3627.24000000,3598.06000000,3602.37000000,3602.37000000,3896.95790000
2025-09-08,3602.37000000,3649.32000000,3588.12000000,3640.80000000,3640.80000000,6437.11560000
2025-09-09,3640.80000000,3681.70000000,3632.55000000,3643.12000000,3643.12000000,7563.58860000
2025-09-10,3643.12000000,3664.00000000,3630.00000000,3642.26000000,3642.26000000,5747.56600000
2025-09-11,3642.26000000,3645.81000000,3614.09000000,3632.10000000,3632.10000000,5546.59390000
2025-09-12,3632.10000000,3655.89000000,3630.53000000,3641.99000000,3641.99000000,3892.37290000
2025-09-13,3641.99000000,3645.43000000,3625.47000000,3638.72000000,3638.72000000,2584.54090000
2025-09-14,3638.68000000,3683.35000000,3637.44000000,3644.54000000,3644.54000000,2361.96130000
2025-09-15,3644.54000000,3692.79000000,3635.07000000,3683.89000000,3683.89000000,5552.59230000
2025-09-16,3683.88000000,3712.69000000,3683.88000000,3705.04000000,3705.04000000,6230.61100000
2025-09-17,3705.05000000,3708.49000000,3657.59000000,3671.86000000,3671.86000000,6568.51480000
2025-09-18,3671.86000000,3674.14000000,3638.08000000,3645.24000000,3645.24000000,5501.43380000
2025-09-19,3645.24000000,3692.88000000,3641.01000000,3690.16000000,3690.16000000,4495.55480000
2025-09-20,3690.16000000,3693.04000000,3683.34000000,3686.05000000,3686.05000000,1460.95380000
2025-09-21,3686.05000000,3695.34000000,3681.00000000,3691.63000000,3691.63000000,1235.33490000
2025-09-22,3691.59000000,3766.40000000,3690.00000000,3757.71000000,3757.71000000,9140.59270000
2025-09-23,3757.74000000,3800.00000000,3748.89000000,3774.33000000,3774.33000000,8413.95170000
2025-09-24,3774.34000000,3788.79000000,3720.78000000,3754.88000000,3754.88000000,7458.26190000
2025-09-25,3754.88000000,3773.55000000,3730.00000000,3753.29000000,3753.29000000,6673.57770000
2025-09-26,3753.29000000,3799.00000000,3742.04000000,3772.99000000,3772.99000000,4977.73830000
2025-09-27,3773.00000000,3784.69000000,3768.56000000,3774.88000000,3774.88000000,1498.09970000
2025-09-28,3774.88000000,3780.51000000,3766.16000000,3775.98000000,3775.98000000,1816.00160000
2025-09-29,3775.99000000,3859.48000000,3773.21000000,3847.63000000,3847.63000000,7813.02130000
2025-09-30,3847.63000000,3880.69000000,3806.92000000,3875.76000000,3875.76000000,9282.34130000
2025-10-01,3875.75000000,3904.58000000,3863.63000000,3870.01000000,3870.01000000,7272.12750000
2025-10-02,3870.49000000,3899.00000000,3823.79000000,3865.37000000,3865.37000000,7065.06970000
2025-10-03,3865.38000000,3889.99000000,3842.52000000,3883.56000000,3883.56000000,4739.60570000
2025-10-04,3883.57000000,3909.20000000,3883.21000000,3900.87000000,3900.87000000,4620.85140000
2025-10-05,3900.88000000,3922.65000000,3886.84000000,3914.20000000,3914.20000000,3964.29330000
2025-10-06,3914.21000000,3989.89000000,3906.36000000,3983.21000000,3983.21000000,6343.59330000
2025-10-07,3983.22000000,4004.84000000,3953.39000000,4000.88000000,4000.88000000,9737.84270000
2025-10-08,4000.87000000,4079.48000000,3996.75000000,4032.21000000,4032.21000000,18411.74640000
2025-10-09,4032.22000000,4072.00000000,3961.94000000,4000.27000000,4000.27000000,12411.93230000
2025-10-10,4000.28000000,4033.00000000,3600.00000000,3983.01000000,3983.01000000,18957.99140000
2025-10-11,3983.00000000,4002.45000000,3950.00000000,3992.15000000,3992.15000000,13768.62490000
2025-10-12,3992.14000000,4058.65000000,3980.00000000,4036.56000000,4036.56000000,10221.89800000
2025-10-13,4036.57000000,4142.30000000,4026.55000000,4141.69000000,4141.69000000,12804.72070000
2025-10-14,4141.69000000,4200.00000000,4103.38000000,4176.71000000,4176.71000000,19040.13120000
2025-10-15,4176.70000000,4247.41000000,4170.81000000,4238.42000000,4238.42000000,17960.73810000
2025-10-16,4238.42000000,4790.00000000,4225.28000000,4436.75000000,4436.75000000,32114.35618200
2025-10-17,4436.74000000,4499.00000000,4188.00000000,4238.93000000,4238.93000000,49889.99940000
2025-10-18,4238.93000000,4266.66000000,4226.00000000,4242.81000000,4242.81000000,5828.95640000
2025-10-19,4242.81000000,4265.00000000,4228.00000000,4242.46000000,4242.46000000,8722.56630000
2025-10-20,4242.34000000,4401.66000000,4214.16000000,4364.09000000,4364.09000000,18164.18220000
2025-10-21,4363.81000000,4375.49000000,4094.72000000,4098.31000000,4098.31000000,24592.28920000
2025-10-22,4098.82000000,4167.79000000,4020.00000000,4091.78000000,4091.78000000,24472.28850000
2025-10-23,4092.05000000,4157.46000000,4057.14000000,4117.46000000,4117.46000000,15481.69940000
2025-10-24,4117.92000000,4139.62000000,4045.25000000,4110.53000000,4110.53000000,12594.59340000
2025-10-25,4110.54000000,4127.13000000,4099.93000000,4110.33000000,4110.33000000,3397.07230000
2025-10-26,4110.32000000,4114.50000000,4056.26000000,4059.96000000,4059.96000000,7708.76340000
2025-10-27,4059.95000000,4094.71000000,3951.00000000,3992.20000000,3992.20000000,17415.92610000
2025-10-28,3992.19000000,4013.17000000,3900.00000000,3968.36000000,3968.36000000,21354.52220000
2025-10-29,3968.42000000,4031.43000000,3921.71000000,3956.23000000,3956.23000000,14614.75110000
2025-10-30,3955.76000000,4040.00000000,3923.15000000,4034.25000000,4034.25000000,16344.62630000
2025-10-31,4034.26000000,4035.00000000,3971.81000000,4000.16000000,4000.16000000,10103.71260000
2025-11-01,4000.16000000,4016.63000000,3995.51000000,4008.41000000,4008.41000000,3077.66110000
2025-11-02,4008.42000000,4012.69000000,3976.88000000,3979.05000000,3979.05000000,3114.74850000
2025-11-03,3979.05000000,4024.93000000,3962.20000000,3992.01000000,3992.01000000,8142.42020000
2025-11-04,3992.02000000,4009.00000000,3918.00000000,3929.18000000,3929.18000000,10990.33400000
2025-11-05,3929.45000000,3988.23000000,3920.00000000,3971.74000000,3971.74000000,8333.88000000
2025-11-06,3971.75000000,4020.00000000,3958.68000000,3986.26000000,3986.26000000,7022.33950000
2025-11-07,3986.26000000,4014.99000000,3977.01000000,3992.01000000,3992.01000000,8980.38640000
2025-11-08,3992.02000000,4000.00000000,3983.66000000,3989.36000000,3989.36000000,1718.30280000
2025-11-09,3989.36000000,4004.69000000,3986.47000000,4004.69000000,4004.69000000,2800.95120000
2025-11-10,4004.79000000,4117.00000000,4004.65000000,4114.67000000,4114.67000000,8722.31480000
2025-11-11,4114.68000000,4139.34000000,4085.13000000,4127.99000000,4127.99000000,8821.94570000
2025-11-12,4128.04000000,4201.78000000,4088.21000000,4178.16000000,4178.16000000,9717.70900000
2025-11-13,4178.16000000,4237.72000000,4129.78000000,4175.95000000,4175.95000000,14494.05550000
2025-11-14,4175.95000000,4202.00000000,4022.35000000,4074.73000000,4074.73000000,15327.92960000
2025-11-15,4074.72000000,4102.02000000,4069.41000000,4093.95000000,4093.95000000,4709.57530000
2025-11-16,4093.96000000,4116.75000000,4075.00000000,4090.82000000,4090.82000000,6142.98100000
2025-11-17,4091.30000000,4094.96000000,4000.00000000,4028.61000000,4028.61000000,12316.19190000
2025-11-18,4028.61000000,4074.72000000,3996.15000000,4069.00000000,4069.00000000,10299.78370000
2025-11-19,4069.00000000,4130.40000000,4049.14000000,4096.93000000,4096.93000000,13564.62820000
2025-11-20,4097.12000000,4105.87000000,4035.73000000,4074.87000000,4074.87000000,13959.70920000
2025-11-21,4074.87000000,4101.46000000,4015.42000000,4065.92000000,4065.92000000,25229.45870000
2025-11-22,4065.92000000,4065.92000000,4054.27000000,4058.06000000,4058.06000000,4124.02890000
2025-11-23,4058.41000000,4067.99000000,4040.66000000,4065.69000000,4065.69000000,4943.08230000
2025-11-24,4065.70000000,4143.95000000,4034.86000000,4143.60000000,4143.60000000,13724.45830000
2025-11-25,4143.83000000,4156.22000000,4106.48000000,4128.55000000,4128.55000000,10192.27210000
2025-11-26,4128.56000000,4172.33000000,4126.44000000,4165.21000000,4165.21000000,9510.25570000
2025-11-27,4165.21000000,4166.01000000,4141.17000000,4160.64000000,4160.64000000,5251.57040000
2025-11-28,4160.99000000,4232.83000000,4159.02000000,4232.82000000,4232.82000000,10079.40600000
2025-11-29,4232.83000000,4254.98000000,4224.60000000,4248.13000000,4248.13000000,5335.53780000
2025-11-30,4248.13000000,4254.98000000,4228.88000000,4238.44000000,4238.44000000,4931.63830000
2025-12-01,4238.09000000,4283.00000000,4221.50000000,4243.87000000,4243.87000000,22133.96880000
2025-12-02,4243.88000000,4245.46000000,4169.29000000,4212.80000000,4212.80000000,15586.01410000
2025-12-03,4212.79000000,4247.83000000,4199.42000000,4214.88000000,4214.88000000,7950.56110000
2025-12-04,4214.87000000,4222.51000000,4183.00000000,4213.55000000,4213.55000000,4367.76770000
2025-12-05,4213.81000000,4260.48000000,4201.64000000,4209.92000000,4209.92000000,6617.76970000
2025-12-06,4209.93000000,4216.24000000,4205.65000000,4213.55000000,4213.55000000,2016.52990000
2025-12-07,4213.56000000,4214.86000000,4202.45000000,4213.34000000,4213.34000000,2383.02070000
2025-12-08,4213.34000000,4226.68000000,4188.74000000,4204.10000000,4204.10000000,3960.61790000
2025-12-09,4204.09000000,4227.77000000,4182.52000000,4215.63000000,4215.63000000,3445.93910000
2025-12-10,4215.63000000,4239.65000000,4191.00000000,4239.31000000,4239.31000000,5149.90920000
2025-12-11,4239.30000000,4293.00000000,4213.02000000,4285.37000000,4285.37000000,6630.41740000
2025-12-12,4285.38000000,4363.55000000,4274.63000000,4308.81000000,4308.81000000,11056.59180000
2025-12-13,4308.80000000,4324.75000000,4307.55000000,4316.79000000,4316.79000000,1829.82080000
2025-12-14,4316.80000000,4325.80000000,4311.03000000,4316.55000000,4316.55000000,2408.43330000
2025-12-15,4316.32000000,4363.50000000,4300.00000000,4315.50000000,4315.50000000,10405.96730000
2025-12-16,4315.54000000,4348.05000000,4287.05000000,4322.11000000,4322.11000000,6972.20110000
2025-12-17,4322.11000000,4362.55000000,4321.40000000,4358.26000000,4358.26000000,8223.19890000
2025-12-18,4358.26000000,4384.99000000,4322.45000000,4348.19000000,4348.19000000,7728.07510000
2025-12-19,4348.25000000,4367.99000000,4325.56000000,4351.32000000,4351.32000000,3814.09870000
2025-12-20,4351.32000000,4359.06000000,4350.65000000,4352.06000000,4352.06000000,848.97120000
2025-12-21,4352.07000000,4368.59000000,4350.72000000,4367.25000000,4367.25000000,1682.58360000
2025-12-22,4367.35000000,4484.99000000,4367.35000000,4484.98000000,4484.98000000,14371.97240000
2025-12-23,4484.98000000,4539.06000000,4451.01000000,4531.01000000,4531.01000000,13225.76100000
2025-12-24,4531.01000000,4544.86000000,4466.00000000,4496.84000000,4496.84000000,9560.94820000
2025-12-25,4496.84000000,4520.19000000,4490.49000000,4516.05000000,4516.05000000,3058.16310000
2025-12-26,4516.09000000,4572.40000000,4508.66000000,4557.34000000,4557.34000000,12276.48700000
2025-12-27,4557.33000000,4575.66000000,4540.78000000,4571.49000000,4571.49000000,4205.08680000
2025-12-28,4571.74000000,4577.99000000,4548.25000000,4549.54000000,4549.54000000,5217.92420000
2025-12-29,4549.75000000,4549.99000000,4330.00000000,4364.34000000,4364.34000000,19798.84130000
2025-12-30,4364.34000000,4422.79000000,4346.82000000,4360.54000000,4360.54000000,12983.63460000
2025-12-31,4360.55000000,4386.25000000,4295.94000000,4336.99000000,4336.99000000,12638.46100000
2026-01-01,4337.00000000,4364.00000000,4335.13000000,4362.83000000,4362.83000000,2657.24810000
2026-01-02,4362.84000000,4414.83000000,4326.34000000,4340.85000000,4340.85000000,11653.32200000
2026-01-03,4340.85000000,4374.96000000,4338.00000000,4355.79000000,4355.79000000,5240.57020000
2026-01-04,4355.80000000,4387.08000000,4346.89000000,4384.45000000,4384.45000000,5617.11180000
2026-01-05,4384.25000000,4467.16000000,4382.60000000,4445.45000000,4445.45000000,13032.44230000
2026-01-06,4445.45000000,4517.00000000,4431.40000000,4509.80000000,4509.80000000,12604.82450000
2026-01-07,4509.79000000,4510.20000000,4439.15000000,4477.97000000,4477.97000000,10524.90950000
2026-01-08,4477.97000000,4490.00000000,4422.05000000,4482.19000000,4482.19000000,8827.22760000
2026-01-09,4482.20000000,4519.13000000,4464.81000000,4508.45000000,4508.45000000,6492.97530000
2026-01-10,4508.46000000,4523.43000000,4506.05000000,4523.42000000,4523.42000000,2391.41100000
2026-01-11,4523.43000000,4549.35000000,4501.90000000,4544.29000000,4544.29000000,3504.66770000
2026-01-12,4544.35000000,4638.88000000,4541.04000000,4615.31000000,4615.31000000,10784.46030000
2026-01-13,4615.30000000,4646.99000000,4568.20000000,4604.97000000,4604.97000000,8529.70740000
2026-01-14,4604.97000000,4649.16000000,4603.96000000,4628.41000000,4628.41000000,9359.77040000
2026-01-15,4628.41000000,4634.00000000,4540.00000000,4623.99000000,4623.99000000,8892.00930000
2026-01-16,4623.98000000,4629.64000000,4558.13000000,4603.15000000,4603.15000000,6473.49820000
2026-01-17,4603.16000000,4613.02000000,4602.93000000,4611.39000000,4611.39000000,2108.49020000
2026-01-18,4611.40000000,4700.00000000,4611.39000000,4685.60000000,4685.60000000,5074.27610000
2026-01-19,4685.55000000,4696.10000000,4666.00000000,4683.97000000,4683.97000000,8552.80910000
2026-01-20,4683.97000000,4840.39000000,4676.16000000,4806.70000000,4806.70000000,21747.91570000
2026-01-21,4806.79000000,4915.00000000,4785.42000000,4800.05000000,4800.05000000,30143.60610000
2026-01-22,4800.05000000,4982.11000000,4790.91000000,4979.98000000,4979.98000000,15991.62860000
2026-01-23,4980.00000000,5009.96000000,4918.79000000,5007.31000000,5007.31000000,21805.52210000
2026-01-24,5007.31000000,5125.43000000,5005.23000000,5069.89000000,5069.89000000,11466.42200000
2026-01-25,5069.89000000,5127.00000000,5031.00000000,5070.35000000,5070.35000000,18277.12370000
2026-01-26,5070.35000000,5150.00000000,4991.10000000,5058.04000000,5058.04000000,25520.30240000
2026-01-27,5058.04000000,5235.00000000,5028.88000000,5192.99000000,5192.99000000,21456.32420000
2026-01-28,5193.00000000,5615.97000000,5180.00000000,5541.45000000,5541.45000000,37206.44750000
2026-01-29,5541.46000000,5650.86000000,5181.23000000,5479.54000000,5479.54000000,86131.74020000
2026-01-30,5479.54000000,5490.34000000,4754.06000000,4924.45000000,4924.45000000,110873.43410000
2026-01-31,4924.45000000,4991.03000000,4800.00000000,4839.88000000,4839.88000000,26185.04280000
2026-02-01,4839.88000000,4902.00000000,4715.00000000,4754.40000000,4754.40000000,17751.14690000
2026-02-02,4754.64000000,4895.00000000,4463.73000000,4794.36000000,4794.36000000,83580.68900000
2026-02-03,4794.37000000,5018.00000000,4770.84000000,4962.85000000,4962.85000000,52565.44230000
2026-02-04,4962.86000000,5118.00000000,4871.44000000,5030.90000000,5030.90000000,45042.51180000
2026-02-05,5030.99000000,5044.04000000,4697.54000000,4699.98000000,4699.98000000,51149.90000000
2026-02-06,4699.97000000,4970.00000000,4600.84000000,4942.27000000,4942.27000000,32300.22630000
2026-02-07,4942.28000000,4997.74000000,4924.26000000,4992.63000000,4992.63000000,6356.06910000
2026-02-08,4992.63000000,5049.57000000,4983.61000000,5043.44000000,5043.44000000,9040.66280000
2026-02-09,5043.41000000,5096.62000000,4973.92000000,5036.85000000,5036.85000000,20433.22650000
2026-02-10,5036.99000000,5084.85000000,5007.88000000,5044.30000000,5044.30000000,16737.56490000
2026-02-11,5044.30000000,5133.18000000,5032.00000000,5073.02000000,5073.02000000,15299.50490000
2026-02-12,5073.10000000,5100.40000000,4894.13000000,4928.02000000,4928.02000000,17321.93730000
2026-02-13,4928.02000000,5053.08000000,4921.42000000,5045.26000000,5045.26000000,10632.00340000
2026-02-14,5045.12000000,5046.94000000,5021.20000000,5023.84000000,5023.84000000,2541.64480000
2026-02-15,5023.84000000,5050.32000000,5011.19000000,5024.90000000,5024.90000000,4352.16250000
2026-02-16,5024.86000000,5033.02000000,4972.82000000,4998.59000000,4998.59000000,4453.87400000
2026-02-17,4998.60000000,4999.57000000,4793.81000000,4866.71000000,4866.71000000,17256.06770000
2026-02-18,4866.71000000,5014.27000000,4866.23000000,4979.96000000,4979.96000000,7010.71820000
2026-02-19,4979.96000000,5030.05000000,4966.07000000,4997.71000000,4997.71000000,6853.37950000
2026-02-20,4997.70000000,5121.75000000,4995.41000000,5116.08000000,5116.08000000,25397.83720000
2026-02-21,5116.08000000,5155.77000000,5112.83000000,5141.88000000,5141.88000000,4462.12830000
2026-02-22,5141.88000000,5192.92000000,5123.54000000,5186.69000000,5186.69000000,7797.18000000
2026-02-23,5186.49000000,5269.55000000,5138.44000000,5254.81000000,5254.81000000,14523.07820000
2026-02-24,5254.80000000,5254.80000000,5116.60000000,5164.90000000,5164.90000000,30747.27540000
2026-02-25,5164.91000000,5228.00000000,5156.01000000,5175.31000000,5175.31000000,13603.87020000
2026-02-26,5175.74000000,5210.25000000,5143.00000000,5195.26000000,5195.26000000,7480.68530000
2026-02-27,5195.26000000,5306.18000000,5181.39000000,5290.66000000,5290.66000000,16139.75310000
2026-02-28,5290.66000000,5600.00000000,5284.61000000,5369.78000000,5369.78000000,52092.83900000
2026-03-01,5369.79000000,5448.09000000,5286.25000000,5436.45000000,5436.45000000,24070.62980000
2026-03-02,5436.60000000,5459.65000000,5275.22000000,5360.01000000,5360.01000000,28541.04080000
2026-03-03,5360.44000000,5400.00000000,5027.33000000,5142.55000000,5142.55000000,47657.23680000
2026-03-04,5143.32000000,5216.70000000,5116.05000000,5179.00000000,5179.00000000,24316.87220000
2026-03-05,5179.00000000,5202.00000000,5064.00000000,5098.75000000,5098.75000000,15329.15890000
2026-03-06,5098.74000000,5189.69000000,5075.41000000,5182.45000000,5182.45000000,10983.37490000
2026-03-07,5182.44000000,5188.85000000,5162.00000000,5172.35000000,5172.35000000,6499.09100000
2026-03-08,5172.34000000,5191.28000000,5056.10000000,5085.29000000,5085.29000000,9348.71090000
2026-03-09,5085.01000000,5158.91000000,5030.00000000,5143.80000000,5143.80000000,15783.02470000
2026-03-10,5143.80000000,5239.80000000,5129.57000000,5197.87000000,5197.87000000,18268.62030000
2026-03-11,5197.87000000,5221.34000000,5136.37000000,5136.84000000,5136.84000000,9990.95200000
2026-03-12,5137.28000000,5188.72000000,5069.11000000,5109.98000000,5109.98000000,11394.19590000
2026-03-13,5109.97000000,5131.43000000,5005.54000000,5028.83000000,5028.83000000,15926.02190000
2026-03-14,5028.83000000,5047.18000000,5018.51000000,5020.60000000,5020.60000000,2402.96610000
2026-03-15,5020.60000000,5027.62000000,4960.42000000,4989.59000000,4989.59000000,5811.17230000
2026-03-16,4989.59000000,5030.82000000,4962.82000000,5001.04000000,5001.04000000,10839.08580000
2026-03-17,5001.04000000,5029.87000000,4972.00000000,4992.90000000,4992.90000000,5036.75580000
2026-03-18,4992.90000000,5006.75000000,4800.00000000,4829.04000000,4829.04000000,24607.29630000
2026-03-19,4829.03000000,4855.42000000,4511.00000000,4652.38000000,4652.38000000,32560.85000000
2026-03-20,4652.39000000,4739.74000000,4497.35000000,4509.76000000,4509.76000000,22787.74390000
2026-03-21,4509.76000000,4531.76000000,4501.17000000,4503.29000000,4503.29000000,3854.56400000
2026-03-22,4503.30000000,4541.88000000,4450.48000000,4474.61000000,4474.61000000,8934.21360000
2026-03-23,4474.96000000,4511.36000000,4141.06000000,4447.45000000,4447.45000000,90541.41330000
2026-03-24,4447.50000000,4554.99000000,4319.46000000,4549.65000000,4549.65000000,25365.96220000
2026-03-25,4549.70000000,4601.84000000,4494.35000000,4502.38000000,4502.38000000,19457.59900000
2026-03-26,4502.38000000,4545.11000000,4361.07000000,4411.60000000,4411.60000000,16368.47840000
2026-03-27,4411.61000000,4554.54000000,4382.74000000,4501.27000000,4501.27000000,10919.88470000
2026-03-28,4501.27000000,4513.58000000,4487.11000000,4501.78000000,4501.78000000,3163.40910000
2026-03-29,4501.78000000,4524.72000000,4450.74000000,4454.73000000,4454.73000000,5358.81040000
2026-03-30,4454.94000000,4581.02000000,4425.78000000,4512.80000000,4512.80000000,11068.01300000
2026-03-31,4512.79000000,4691.19000000,4480.02000000,4687.74000000,4687.74000000,12074.92200000
2026-04-01,4687.56000000,4783.67000000,4659.17000000,4768.56000000,4768.56000000,13032.08920000
2026-04-02,4768.56000000,4783.19000000,4550.62000000,4668.14000000,4668.14000000,13690.32060000
2026-04-03,4668.15000000,4670.08000000,4642.00000000,4648.94000000,4648.94000000,2859.66850000
2026-04-04,4648.91000000,4658.74000000,4646.95000000,4648.59000000,4648.59000000,1092.18820000
2026-04-05,4648.60000000,4653.18000000,4595.00000000,4598.82000000,4598.82000000,7983.02720000
2026-04-06,4599.39000000,4692.80000000,4588.55000000,4644.39000000,4644.39000000,7157.63640000
2026-04-07,4643.80000000,4812.14000000,4596.24000000,4809.74000000,4809.74000000,11198.79650000
2026-04-08,4809.75000000,4834.28000000,4683.80000000,4702.52000000,4702.52000000,11148.90630000
2026-04-09,4702.53000000,4788.88000000,4684.00000000,4747.51000000,4747.51000000,6921.97600000
2026-04-10,4748.04000000,4777.44000000,4716.24000000,4734.00000000,4734.00000000,4062.45960000
2026-04-11,4734.00000000,4740.00000000,4726.55000000,4731.88000000,4731.88000000,1846.25840000
2026-04-12,4731.88000000,4735.29000000,4629.36000000,4655.92000000,4655.92000000,5233.94850000
2026-04-13,4656.00000000,4750.84000000,4649.80000000,4741.09000000,4741.09000000,10359.10220000
2026-04-14,4741.09000000,4761.76000000,4735.67000000,4753.44000000,4753.44000000,605.83360000
